#
# There is insufficient memory for the Java Runtime Environment to continue.
# Native memory allocation (mmap) failed to map 184549376 bytes. Error detail: G1 virtual space
# Possible reasons:
#   The system is out of physical RAM or swap space
#   This process is running with CompressedOops enabled, and the Java Heap may be blocking the growth of the native heap
# Possible solutions:
#   Reduce memory load on the system
#   Increase physical memory or swap space
#   Check if swap backing store is full
#   Decrease Java heap size (-Xmx/-Xms)
#   Decrease number of Java threads
#   Decrease Java thread stack sizes (-Xss)
#   Set larger code cache with -XX:ReservedCodeCacheSize=
#   JVM is running with Unscaled Compressed Oops mode in which the Java heap is
#     placed in the first 4GB address space. The Java Heap base address is the
#     maximum limit for the native heap growth. Please use -XX:HeapBaseMinAddress
#     to set the Java Heap base and to place the Java Heap above 4GB virtual address.
# This output file may be truncated or incomplete.
#
#  Out of Memory Error (os_windows.cpp:3898), pid=8668, tid=13012
#
# JRE version: OpenJDK Runtime Environment (21.0.6) (build 21.0.6+-13368085-b895.109)
# Java VM: OpenJDK 64-Bit Server VM (21.0.6+-13368085-b895.109, mixed mode, tiered, compressed oops, compressed class ptrs, g1 gc, windows-amd64)
# No core dump will be written. Minidumps are not enabled by default on client versions of Windows
#

---------------  S U M M A R Y ------------

Command Line: --add-opens=java.base/java.util=ALL-UNNAMED --add-opens=java.base/java.lang=ALL-UNNAMED --add-opens=java.base/java.lang.invoke=ALL-UNNAMED --add-opens=java.prefs/java.util.prefs=ALL-UNNAMED --add-opens=java.base/java.nio.charset=ALL-UNNAMED --add-opens=java.base/java.net=ALL-UNNAMED --add-opens=java.base/java.util.concurrent.atomic=ALL-UNNAMED -Xmx2048m -Dfile.encoding=UTF-8 -Duser.country=ZA -Duser.language=en -Duser.variant -javaagent:C:\Users\hlamu\.gradle\wrapper\dists\gradle-8.7-bin\bhs2wmbdwecv87pi65oeuq5iu\gradle-8.7\lib\agents\gradle-instrumentation-agent-8.7.jar org.gradle.launcher.daemon.bootstrap.GradleDaemon 8.7

Host: Intel(R) Core(TM) i7-7700 CPU @ 3.60GHz, 8 cores, 15G,  Windows 10 , 64 bit Build 19041 (10.0.19041.5915)
Time: Thu May  7 21:55:58 2026 South Africa Standard Time elapsed time: 32.973253 seconds (0d 0h 0m 32s)

---------------  T H R E A D  ---------------

Current thread (0x000001ab055bb3d0):  VMThread "VM Thread"          [id=13012, stack(0x0000009349700000,0x0000009349800000) (1024K)]

Stack: [0x0000009349700000,0x0000009349800000]
Native frames: (J=compiled Java code, j=interpreted, Vv=VM code, C=native code)
V  [jvm.dll+0x6d0639]
V  [jvm.dll+0x85eb03]
V  [jvm.dll+0x86105e]
V  [jvm.dll+0x861743]
V  [jvm.dll+0x27e6e6]
V  [jvm.dll+0x6ccfd5]
V  [jvm.dll+0x6c0a8a]
V  [jvm.dll+0x35537b]
V  [jvm.dll+0x35cfd6]
V  [jvm.dll+0x3aef86]
V  [jvm.dll+0x3af258]
V  [jvm.dll+0x327a2c]
V  [jvm.dll+0x32a436]
V  [jvm.dll+0x33438d]
V  [jvm.dll+0x36ba15]
V  [jvm.dll+0x8674c8]
V  [jvm.dll+0x868844]
V  [jvm.dll+0x868d80]
V  [jvm.dll+0x869013]
V  [jvm.dll+0x806ed8]
V  [jvm.dll+0x6cef0d]
C  [ucrtbase.dll+0x21bb2]
C  [KERNEL32.DLL+0x17374]
C  [ntdll.dll+0x4cc91]

VM_Operation (0x00000093492ff590): G1PauseRemark, mode: safepoint, requested by thread 0x000001ab6dea6280


---------------  P R O C E S S  ---------------

Threads class SMR info:
_java_thread_list=0x000001ab17ce4170, length=149, elements={
0x000001ab6de3d510, 0x000001ab057b2700, 0x000001ab057b5420, 0x000001ab057b7780,
0x000001ab057b81d0, 0x000001ab057c1e50, 0x000001ab057c5270, 0x000001ab057d8f70,
0x000001ab057df2c0, 0x000001ab05913480, 0x000001ab05ade920, 0x000001ab0bb0ecb0,
0x000001ab0b697590, 0x000001ab0b737630, 0x000001ab0b2effa0, 0x000001ab0b651e20,
0x000001ab0b376ce0, 0x000001ab0ba775f0, 0x000001ab0b886f80, 0x000001ab0b86e0c0,
0x000001ab0b870820, 0x000001ab0b870190, 0x000001ab0b870eb0, 0x000001ab0b86f470,
0x000001ab0b86da30, 0x000001ab0b86fb00, 0x000001ab0b86e750, 0x000001ab0b86ede0,
0x000001ab0cb3d840, 0x000001ab0cb3b0e0, 0x000001ab0cb368b0, 0x000001ab0cb3a3c0,
0x000001ab0cb3be00, 0x000001ab0cb3ded0, 0x000001ab0cb36f40, 0x000001ab0cb3cb20,
0x000001ab0cb375d0, 0x000001ab0cb39010, 0x000001ab0cb382f0, 0x000001ab0cb38980,
0x000001ab0cb396a0, 0x000001ab0cb39d30, 0x000001ab0bc57860, 0x000001ab0bc55e20,
0x000001ab0bc5c090, 0x000001ab0bc59930, 0x000001ab0bc57ef0, 0x000001ab0bc55100,
0x000001ab0bc56b40, 0x000001ab0bc5c720, 0x000001ab0bc55790, 0x000001ab0c979610,
0x000001ab0c97b050, 0x000001ab0c979ca0, 0x000001ab0c976eb0, 0x000001ab0dfa2240,
0x000001ab0df9edc0, 0x000001ab0dfa28d0, 0x000001ab0df9fae0, 0x000001ab0dfa0170,
0x000001ab0dfa2f60, 0x000001ab0dfa0e90, 0x000001ab0dfa4310, 0x000001ab0dfa0800,
0x000001ab0dfa35f0, 0x000001ab0df9da10, 0x000001ab0dfa1520, 0x000001ab0dfa3c80,
0x000001ab0dfa49a0, 0x000001ab0c97a330, 0x000001ab0c97c400, 0x000001ab0c9788f0,
0x000001ab0c97a9c0, 0x000001ab0c97ca90, 0x000001ab0c975b00, 0x000001ab0c978f80,
0x000001ab0c97d120, 0x000001ab1069ba00, 0x000001ab10697860, 0x000001ab1069b370,
0x000001ab15ba2e00, 0x000001ab15ba20e0, 0x000001ab15ba3490, 0x000001ab15ba2770,
0x000001ab15ba3b20, 0x000001ab15ba41b0, 0x000001ab15ba4ed0, 0x000001ab15ba5bf0,
0x000001ab15ba6910, 0x000001ab15ba6280, 0x000001ab15daf280, 0x000001ab15daebf0,
0x000001ab15dabe00, 0x000001ab15dae560, 0x000001ab15da9010, 0x000001ab15dab770,
0x000001ab15dacb20, 0x000001ab15dab0e0, 0x000001ab15da8980, 0x000001ab15dad1b0,
0x000001ab15daffa0, 0x000001ab15da9d30, 0x000001ab15daded0, 0x000001ab15daf910,
0x000001ab15da96a0, 0x000001ab15daa3c0, 0x000001ab15ba4840, 0x000001ab15ba5560,
0x000001ab15b9f980, 0x000001ab15ba6fa0, 0x000001ab15ba0d30, 0x000001ab15ba1a50,
0x000001ab0df9e0a0, 0x000001ab0df9e730, 0x000001ab0bc5a650, 0x000001ab0bc5ba00,
0x000001ab1069d440, 0x000001ab1069e160, 0x000001ab0f30f070, 0x000001ab0f30e9e0,
0x000001ab0f314c50, 0x000001ab0f3138a0, 0x000001ab0f30e350, 0x000001ab0f313210,
0x000001ab0fb66210, 0x000001ab0fb64e60, 0x000001ab0fb654f0, 0x000001ab0fb668a0,
0x000001ab0fb5ffa0, 0x000001ab0fb675c0, 0x000001ab0fb60630, 0x000001ab0fb6aa40,
0x000001ab0fb6cb10, 0x000001ab0fb60cc0, 0x000001ab0fb619e0, 0x000001ab0fb62070,
0x000001ab0fb62d90, 0x000001ab0f954b50, 0x000001ab0f953110, 0x000001ab0f94ef70,
0x000001ab0f9523f0, 0x000001ab0f9551e0, 0x000001ab0f952a80, 0x000001ab0f951040,
0x000001ab0f94f600, 0x000001ab0f9516d0, 0x000001ab0f94e250, 0x000001ab0a379210,
0x000001ab0a377000
}

Java Threads: ( => current thread )
  0x000001ab6de3d510 JavaThread "main"                              [_thread_blocked, id=24808, stack(0x0000009349000000,0x0000009349100000) (1024K)]
  0x000001ab057b2700 JavaThread "Reference Handler"          daemon [_thread_blocked, id=23996, stack(0x0000009349800000,0x0000009349900000) (1024K)]
  0x000001ab057b5420 JavaThread "Finalizer"                  daemon [_thread_blocked, id=21980, stack(0x0000009349900000,0x0000009349a00000) (1024K)]
  0x000001ab057b7780 JavaThread "Signal Dispatcher"          daemon [_thread_blocked, id=27280, stack(0x0000009349a00000,0x0000009349b00000) (1024K)]
  0x000001ab057b81d0 JavaThread "Attach Listener"            daemon [_thread_blocked, id=12612, stack(0x0000009349b00000,0x0000009349c00000) (1024K)]
  0x000001ab057c1e50 JavaThread "Service Thread"             daemon [_thread_blocked, id=15836, stack(0x0000009349c00000,0x0000009349d00000) (1024K)]
  0x000001ab057c5270 JavaThread "Monitor Deflation Thread"   daemon [_thread_blocked, id=29092, stack(0x0000009349d00000,0x0000009349e00000) (1024K)]
  0x000001ab057d8f70 JavaThread "C2 CompilerThread0"         daemon [_thread_blocked, id=23328, stack(0x0000009349e00000,0x0000009349f00000) (1024K)]
  0x000001ab057df2c0 JavaThread "C1 CompilerThread0"         daemon [_thread_blocked, id=10680, stack(0x0000009349f00000,0x000000934a000000) (1024K)]
  0x000001ab05913480 JavaThread "Common-Cleaner"             daemon [_thread_blocked, id=6440, stack(0x000000934a000000,0x000000934a100000) (1024K)]
  0x000001ab05ade920 JavaThread "Notification Thread"        daemon [_thread_blocked, id=14864, stack(0x000000934a100000,0x000000934a200000) (1024K)]
  0x000001ab0bb0ecb0 JavaThread "Daemon health stats"               [_thread_blocked, id=14960, stack(0x000000934a800000,0x000000934a900000) (1024K)]
  0x000001ab0b697590 JavaThread "Incoming local TCP Connector on port 49239"        [_thread_in_native, id=24240, stack(0x000000934a900000,0x000000934aa00000) (1024K)]
  0x000001ab0b737630 JavaThread "Daemon periodic checks"            [_thread_blocked, id=16992, stack(0x000000934aa00000,0x000000934ab00000) (1024K)]
  0x000001ab0b2effa0 JavaThread "Daemon"                            [_thread_blocked, id=2024, stack(0x000000934ab00000,0x000000934ac00000) (1024K)]
  0x000001ab0b651e20 JavaThread "Handler for socket connection from /127.0.0.1:49239 to /127.0.0.1:49240"        [_thread_in_native, id=28708, stack(0x000000934ac00000,0x000000934ad00000) (1024K)]
  0x000001ab0b376ce0 JavaThread "Cancel handler"                    [_thread_blocked, id=24324, stack(0x000000934ad00000,0x000000934ae00000) (1024K)]
  0x000001ab0ba775f0 JavaThread "Daemon worker"                     [_thread_blocked, id=7432, stack(0x000000934ae00000,0x000000934af00000) (1024K)]
  0x000001ab0b886f80 JavaThread "Asynchronous log dispatcher for DefaultDaemonConnection: socket connection from /127.0.0.1:49239 to /127.0.0.1:49240"        [_thread_blocked, id=19248, stack(0x000000934af00000,0x000000934b000000) (1024K)]
  0x000001ab0b86e0c0 JavaThread "Stdin handler"                     [_thread_blocked, id=20912, stack(0x000000934b000000,0x000000934b100000) (1024K)]
  0x000001ab0b870820 JavaThread "Daemon client event forwarder"        [_thread_blocked, id=10280, stack(0x000000934b100000,0x000000934b200000) (1024K)]
  0x000001ab0b870190 JavaThread "Cache worker for journal cache (C:\Users\hlamu\.gradle\caches\journal-1)"        [_thread_blocked, id=2552, stack(0x000000934b500000,0x000000934b600000) (1024K)]
  0x000001ab0b870eb0 JavaThread "File lock request listener"        [_thread_in_native, id=8408, stack(0x000000934b600000,0x000000934b700000) (1024K)]
  0x000001ab0b86f470 JavaThread "Cache worker for file hash cache (C:\Users\hlamu\.gradle\caches\8.7\fileHashes)"        [_thread_blocked, id=16912, stack(0x000000934b700000,0x000000934b800000) (1024K)]
  0x000001ab0b86da30 JavaThread "Cache worker for file hash cache (C:\Users\hlamu\AndroidStudioProjects\StudySinc\.gradle\8.7\fileHashes)"        [_thread_blocked, id=29460, stack(0x000000934b900000,0x000000934ba00000) (1024K)]
  0x000001ab0b86fb00 JavaThread "File watcher server"        daemon [_thread_blocked, id=22732, stack(0x000000934ba00000,0x000000934bb00000) (1024K)]
  0x000001ab0b86e750 JavaThread "File watcher consumer"      daemon [_thread_blocked, id=26068, stack(0x000000934bb00000,0x000000934bc00000) (1024K)]
  0x000001ab0b86ede0 JavaThread "Cache worker for checksums cache (C:\Users\hlamu\AndroidStudioProjects\StudySinc\.gradle\8.7\checksums)"        [_thread_blocked, id=3632, stack(0x000000934b800000,0x000000934b900000) (1024K)]
  0x000001ab0cb3d840 JavaThread "Cache worker for cache directory md-supplier (C:\Users\hlamu\.gradle\caches\8.7\md-supplier)"        [_thread_blocked, id=22268, stack(0x000000934bc00000,0x000000934bd00000) (1024K)]
  0x000001ab0cb3b0e0 JavaThread "Cache worker for cache directory md-rule (C:\Users\hlamu\.gradle\caches\8.7\md-rule)"        [_thread_blocked, id=25292, stack(0x000000934bd00000,0x000000934be00000) (1024K)]
  0x000001ab0cb368b0 JavaThread "Cache worker for file content cache (C:\Users\hlamu\.gradle\caches\8.7\fileContent)"        [_thread_blocked, id=28516, stack(0x000000934be00000,0x000000934bf00000) (1024K)]
  0x000001ab0cb3a3c0 JavaThread "jar transforms"                    [_thread_blocked, id=21264, stack(0x000000934c000000,0x000000934c100000) (1024K)]
  0x000001ab0cb3be00 JavaThread "jar transforms Thread 2"           [_thread_blocked, id=20672, stack(0x000000934bf00000,0x000000934c000000) (1024K)]
  0x000001ab0cb3ded0 JavaThread "Cache worker for Build Output Cleanup Cache (C:\Users\hlamu\AndroidStudioProjects\StudySinc\.gradle\buildOutputCleanup)"        [_thread_blocked, id=25416, stack(0x000000934c100000,0x000000934c200000) (1024K)]
  0x000001ab0cb36f40 JavaThread "jar transforms Thread 3"           [_thread_blocked, id=24336, stack(0x000000934c200000,0x000000934c300000) (1024K)]
  0x000001ab0cb3cb20 JavaThread "jar transforms Thread 4"           [_thread_blocked, id=20484, stack(0x000000934c300000,0x000000934c400000) (1024K)]
  0x000001ab0cb375d0 JavaThread "jar transforms Thread 5"           [_thread_blocked, id=18384, stack(0x000000934c400000,0x000000934c500000) (1024K)]
  0x000001ab0cb39010 JavaThread "Unconstrained build operations"        [_thread_blocked, id=18164, stack(0x000000934a200000,0x000000934a300000) (1024K)]
  0x000001ab0cb382f0 JavaThread "Unconstrained build operations Thread 2"        [_thread_blocked, id=25388, stack(0x000000934c500000,0x000000934c600000) (1024K)]
  0x000001ab0cb38980 JavaThread "Unconstrained build operations Thread 3"        [_thread_blocked, id=24000, stack(0x000000934c700000,0x000000934c800000) (1024K)]
  0x000001ab0cb396a0 JavaThread "Unconstrained build operations Thread 4"        [_thread_blocked, id=29280, stack(0x000000934c800000,0x000000934c900000) (1024K)]
  0x000001ab0cb39d30 JavaThread "Unconstrained build operations Thread 5"        [_thread_blocked, id=25316, stack(0x000000934c900000,0x000000934ca00000) (1024K)]
  0x000001ab0bc57860 JavaThread "Unconstrained build operations Thread 6"        [_thread_blocked, id=28096, stack(0x000000934ca00000,0x000000934cb00000) (1024K)]
  0x000001ab0bc55e20 JavaThread "Unconstrained build operations Thread 7"        [_thread_blocked, id=10052, stack(0x000000934cb00000,0x000000934cc00000) (1024K)]
  0x000001ab0bc5c090 JavaThread "Unconstrained build operations Thread 8"        [_thread_blocked, id=27000, stack(0x000000934cd00000,0x000000934ce00000) (1024K)]
  0x000001ab0bc59930 JavaThread "Unconstrained build operations Thread 9"        [_thread_blocked, id=23676, stack(0x000000934ce00000,0x000000934cf00000) (1024K)]
  0x000001ab0bc57ef0 JavaThread "Unconstrained build operations Thread 10"        [_thread_blocked, id=23616, stack(0x000000934cf00000,0x000000934d000000) (1024K)]
  0x000001ab0bc55100 JavaThread "Unconstrained build operations Thread 11"        [_thread_blocked, id=26580, stack(0x000000934d000000,0x000000934d100000) (1024K)]
  0x000001ab0bc56b40 JavaThread "Unconstrained build operations Thread 12"        [_thread_blocked, id=29168, stack(0x000000934d100000,0x000000934d200000) (1024K)]
  0x000001ab0bc5c720 JavaThread "Unconstrained build operations Thread 13"        [_thread_blocked, id=10740, stack(0x000000934d200000,0x000000934d300000) (1024K)]
  0x000001ab0bc55790 JavaThread "Unconstrained build operations Thread 14"        [_thread_blocked, id=13180, stack(0x000000934d300000,0x000000934d400000) (1024K)]
  0x000001ab0c979610 JavaThread "build event listener"              [_thread_blocked, id=25104, stack(0x000000934cc00000,0x000000934cd00000) (1024K)]
  0x000001ab0c97b050 JavaThread "Memory manager"                    [_thread_blocked, id=16976, stack(0x000000934d400000,0x000000934d500000) (1024K)]
  0x000001ab0c979ca0 JavaThread "build event listener"              [_thread_blocked, id=24476, stack(0x000000934d600000,0x000000934d700000) (1024K)]
  0x000001ab0c976eb0 JavaThread "jar transforms Thread 6"           [_thread_blocked, id=25448, stack(0x000000934d500000,0x000000934d600000) (1024K)]
  0x000001ab0dfa2240 JavaThread "pool-3-thread-1"                   [_thread_blocked, id=17684, stack(0x000000934d900000,0x000000934da00000) (1024K)]
  0x000001ab0df9edc0 JavaThread "build event listener"              [_thread_blocked, id=27132, stack(0x000000934da00000,0x000000934db00000) (1024K)]
  0x000001ab0dfa28d0 JavaThread "included builds"                   [_thread_blocked, id=25840, stack(0x000000934db00000,0x000000934dc00000) (1024K)]
  0x000001ab0df9fae0 JavaThread "Execution worker"                  [_thread_blocked, id=10232, stack(0x000000934dc00000,0x000000934dd00000) (1024K)]
  0x000001ab0dfa0170 JavaThread "Execution worker Thread 2"         [_thread_blocked, id=28264, stack(0x000000934dd00000,0x000000934de00000) (1024K)]
  0x000001ab0dfa2f60 JavaThread "Execution worker Thread 3"         [_thread_blocked, id=26116, stack(0x000000934de00000,0x000000934df00000) (1024K)]
  0x000001ab0dfa0e90 JavaThread "Execution worker Thread 4"         [_thread_blocked, id=16480, stack(0x000000934df00000,0x000000934e000000) (1024K)]
  0x000001ab0dfa4310 JavaThread "Execution worker Thread 5"         [_thread_blocked, id=28976, stack(0x000000934e000000,0x000000934e100000) (1024K)]
  0x000001ab0dfa0800 JavaThread "Execution worker Thread 6"         [_thread_blocked, id=6280, stack(0x000000934e100000,0x000000934e200000) (1024K)]
  0x000001ab0dfa35f0 JavaThread "Execution worker Thread 7"         [_thread_blocked, id=13000, stack(0x000000934e200000,0x000000934e300000) (1024K)]
  0x000001ab0df9da10 JavaThread "Cache worker for execution history cache (C:\Users\hlamu\AndroidStudioProjects\StudySinc\.gradle\8.7\executionHistory)"        [_thread_blocked, id=22176, stack(0x000000934e300000,0x000000934e400000) (1024K)]
  0x000001ab0dfa1520 JavaThread "Unconstrained build operations Thread 15"        [_thread_blocked, id=5880, stack(0x000000934e400000,0x000000934e500000) (1024K)]
  0x000001ab0dfa3c80 JavaThread "Unconstrained build operations Thread 16"        [_thread_blocked, id=23152, stack(0x000000934e500000,0x000000934e600000) (1024K)]
  0x000001ab0dfa49a0 JavaThread "Unconstrained build operations Thread 17"        [_thread_blocked, id=24880, stack(0x000000934e600000,0x000000934e700000) (1024K)]
  0x000001ab0c97a330 JavaThread "Unconstrained build operations Thread 18"        [_thread_blocked, id=27304, stack(0x000000934e700000,0x000000934e800000) (1024K)]
  0x000001ab0c97c400 JavaThread "Unconstrained build operations Thread 19"        [_thread_blocked, id=21344, stack(0x000000934e800000,0x000000934e900000) (1024K)]
  0x000001ab0c9788f0 JavaThread "Unconstrained build operations Thread 20"        [_thread_blocked, id=26668, stack(0x000000934e900000,0x000000934ea00000) (1024K)]
  0x000001ab0c97a9c0 JavaThread "Unconstrained build operations Thread 21"        [_thread_blocked, id=14996, stack(0x000000934ea00000,0x000000934eb00000) (1024K)]
  0x000001ab0c97ca90 JavaThread "Unconstrained build operations Thread 22"        [_thread_blocked, id=14228, stack(0x000000934eb00000,0x000000934ec00000) (1024K)]
  0x000001ab0c975b00 JavaThread "Unconstrained build operations Thread 23"        [_thread_blocked, id=25596, stack(0x000000934ec00000,0x000000934ed00000) (1024K)]
  0x000001ab0c978f80 JavaThread "Unconstrained build operations Thread 24"        [_thread_blocked, id=22092, stack(0x000000934ed00000,0x000000934ee00000) (1024K)]
  0x000001ab0c97d120 JavaThread "Unconstrained build operations Thread 25"        [_thread_blocked, id=27424, stack(0x000000934ee00000,0x000000934ef00000) (1024K)]
  0x000001ab1069ba00 JavaThread "Unconstrained build operations Thread 26"        [_thread_blocked, id=16776, stack(0x000000934ef00000,0x000000934f000000) (1024K)]
  0x000001ab10697860 JavaThread "Unconstrained build operations Thread 27"        [_thread_blocked, id=28668, stack(0x000000934f000000,0x000000934f100000) (1024K)]
  0x000001ab1069b370 JavaThread "Unconstrained build operations Thread 28"        [_thread_blocked, id=10684, stack(0x000000934f100000,0x000000934f200000) (1024K)]
  0x000001ab15ba2e00 JavaThread "Unconstrained build operations Thread 29"        [_thread_blocked, id=29352, stack(0x000000934d800000,0x000000934d900000) (1024K)]
  0x000001ab15ba20e0 JavaThread "Unconstrained build operations Thread 30"        [_thread_blocked, id=26864, stack(0x000000934f200000,0x000000934f300000) (1024K)]
  0x000001ab15ba3490 JavaThread "Unconstrained build operations Thread 31"        [_thread_blocked, id=10152, stack(0x000000934f300000,0x000000934f400000) (1024K)]
  0x000001ab15ba2770 JavaThread "Unconstrained build operations Thread 32"        [_thread_blocked, id=14824, stack(0x000000934f400000,0x000000934f500000) (1024K)]
  0x000001ab15ba3b20 JavaThread "Unconstrained build operations Thread 33"        [_thread_blocked, id=9240, stack(0x000000934f500000,0x000000934f600000) (1024K)]
  0x000001ab15ba41b0 JavaThread "Unconstrained build operations Thread 34"        [_thread_blocked, id=1308, stack(0x000000934f600000,0x000000934f700000) (1024K)]
  0x000001ab15ba4ed0 JavaThread "Unconstrained build operations Thread 35"        [_thread_blocked, id=19212, stack(0x000000934f700000,0x000000934f800000) (1024K)]
  0x000001ab15ba5bf0 JavaThread "Unconstrained build operations Thread 36"        [_thread_blocked, id=6028, stack(0x000000934f800000,0x000000934f900000) (1024K)]
  0x000001ab15ba6910 JavaThread "Unconstrained build operations Thread 37"        [_thread_blocked, id=11920, stack(0x000000934fa00000,0x000000934fb00000) (1024K)]
  0x000001ab15ba6280 JavaThread "Unconstrained build operations Thread 38"        [_thread_blocked, id=5084, stack(0x000000934fb00000,0x000000934fc00000) (1024K)]
  0x000001ab15daf280 JavaThread "Unconstrained build operations Thread 39"        [_thread_blocked, id=16192, stack(0x000000934fc00000,0x000000934fd00000) (1024K)]
  0x000001ab15daebf0 JavaThread "Unconstrained build operations Thread 40"        [_thread_blocked, id=28192, stack(0x000000934fd00000,0x000000934fe00000) (1024K)]
  0x000001ab15dabe00 JavaThread "Unconstrained build operations Thread 41"        [_thread_blocked, id=23832, stack(0x000000934fe00000,0x000000934ff00000) (1024K)]
  0x000001ab15dae560 JavaThread "Unconstrained build operations Thread 42"        [_thread_blocked, id=14160, stack(0x000000934ff00000,0x0000009350000000) (1024K)]
  0x000001ab15da9010 JavaThread "Unconstrained build operations Thread 43"        [_thread_blocked, id=4868, stack(0x0000009350000000,0x0000009350100000) (1024K)]
  0x000001ab15dab770 JavaThread "WorkerExecutor Queue"              [_thread_blocked, id=29228, stack(0x0000009350100000,0x0000009350200000) (1024K)]
  0x000001ab15dacb20 JavaThread "Unconstrained build operations Thread 44"        [_thread_blocked, id=26588, stack(0x0000009350200000,0x0000009350300000) (1024K)]
  0x000001ab15dab0e0 JavaThread "Unconstrained build operations Thread 45"        [_thread_blocked, id=1828, stack(0x0000009350300000,0x0000009350400000) (1024K)]
  0x000001ab15da8980 JavaThread "Unconstrained build operations Thread 46"        [_thread_blocked, id=29520, stack(0x0000009350400000,0x0000009350500000) (1024K)]
  0x000001ab15dad1b0 JavaThread "Unconstrained build operations Thread 47"        [_thread_blocked, id=28412, stack(0x0000009350500000,0x0000009350600000) (1024K)]
  0x000001ab15daffa0 JavaThread "Unconstrained build operations Thread 48"        [_thread_blocked, id=17716, stack(0x0000009350600000,0x0000009350700000) (1024K)]
  0x000001ab15da9d30 JavaThread "Unconstrained build operations Thread 49"        [_thread_blocked, id=23480, stack(0x0000009350700000,0x0000009350800000) (1024K)]
  0x000001ab15daded0 JavaThread "Unconstrained build operations Thread 50"        [_thread_blocked, id=17304, stack(0x0000009350800000,0x0000009350900000) (1024K)]
  0x000001ab15daf910 JavaThread "Unconstrained build operations Thread 51"        [_thread_blocked, id=7132, stack(0x0000009350900000,0x0000009350a00000) (1024K)]
  0x000001ab15da96a0 JavaThread "Unconstrained build operations Thread 52"        [_thread_blocked, id=20680, stack(0x0000009350a00000,0x0000009350b00000) (1024K)]
  0x000001ab15daa3c0 JavaThread "Unconstrained build operations Thread 53"        [_thread_blocked, id=15308, stack(0x0000009350b00000,0x0000009350c00000) (1024K)]
  0x000001ab15ba4840 JavaThread "Unconstrained build operations Thread 54"        [_thread_blocked, id=22556, stack(0x0000009350c00000,0x0000009350d00000) (1024K)]
  0x000001ab15ba5560 JavaThread "Unconstrained build operations Thread 55"        [_thread_blocked, id=26524, stack(0x0000009350d00000,0x0000009350e00000) (1024K)]
  0x000001ab15b9f980 JavaThread "Unconstrained build operations Thread 56"        [_thread_blocked, id=29444, stack(0x0000009350e00000,0x0000009350f00000) (1024K)]
  0x000001ab15ba6fa0 JavaThread "Unconstrained build operations Thread 57"        [_thread_blocked, id=21552, stack(0x0000009350f00000,0x0000009351000000) (1024K)]
  0x000001ab15ba0d30 JavaThread "Unconstrained build operations Thread 58"        [_thread_blocked, id=20408, stack(0x0000009351000000,0x0000009351100000) (1024K)]
  0x000001ab15ba1a50 JavaThread "Unconstrained build operations Thread 59"        [_thread_blocked, id=8764, stack(0x0000009351100000,0x0000009351200000) (1024K)]
  0x000001ab0df9e0a0 JavaThread "Unconstrained build operations Thread 60"        [_thread_blocked, id=13996, stack(0x0000009351200000,0x0000009351300000) (1024K)]
  0x000001ab0df9e730 JavaThread "Unconstrained build operations Thread 61"        [_thread_blocked, id=1684, stack(0x0000009351300000,0x0000009351400000) (1024K)]
  0x000001ab0bc5a650 JavaThread "Unconstrained build operations Thread 62"        [_thread_blocked, id=9252, stack(0x0000009351400000,0x0000009351500000) (1024K)]
  0x000001ab0bc5ba00 JavaThread "Unconstrained build operations Thread 63"        [_thread_blocked, id=27556, stack(0x0000009351500000,0x0000009351600000) (1024K)]
  0x000001ab1069d440 JavaThread "Unconstrained build operations Thread 64"        [_thread_blocked, id=23952, stack(0x0000009351600000,0x0000009351700000) (1024K)]
  0x000001ab1069e160 JavaThread "Unconstrained build operations Thread 65"        [_thread_blocked, id=25524, stack(0x0000009351700000,0x0000009351800000) (1024K)]
  0x000001ab0f30f070 JavaThread "Unconstrained build operations Thread 66"        [_thread_blocked, id=24456, stack(0x0000009351800000,0x0000009351900000) (1024K)]
  0x000001ab0f30e9e0 JavaThread "Unconstrained build operations Thread 67"        [_thread_blocked, id=22240, stack(0x0000009351900000,0x0000009351a00000) (1024K)]
  0x000001ab0f314c50 JavaThread "Unconstrained build operations Thread 68"        [_thread_blocked, id=26260, stack(0x0000009351a00000,0x0000009351b00000) (1024K)]
  0x000001ab0f3138a0 JavaThread "Unconstrained build operations Thread 69"        [_thread_blocked, id=2128, stack(0x0000009351b00000,0x0000009351c00000) (1024K)]
  0x000001ab0f30e350 JavaThread "Unconstrained build operations Thread 70"        [_thread_blocked, id=21716, stack(0x0000009351c00000,0x0000009351d00000) (1024K)]
  0x000001ab0f313210 JavaThread "Unconstrained build operations Thread 71"        [_thread_blocked, id=24696, stack(0x0000009351d00000,0x0000009351e00000) (1024K)]
  0x000001ab0fb66210 JavaThread "Unconstrained build operations Thread 72"        [_thread_blocked, id=29172, stack(0x0000009351e00000,0x0000009351f00000) (1024K)]
  0x000001ab0fb64e60 JavaThread "Unconstrained build operations Thread 73"        [_thread_blocked, id=26688, stack(0x0000009351f00000,0x0000009352000000) (1024K)]
  0x000001ab0fb654f0 JavaThread "Unconstrained build operations Thread 74"        [_thread_blocked, id=28720, stack(0x0000009352000000,0x0000009352100000) (1024K)]
  0x000001ab0fb668a0 JavaThread "Unconstrained build operations Thread 75"        [_thread_blocked, id=2132, stack(0x0000009352100000,0x0000009352200000) (1024K)]
  0x000001ab0fb5ffa0 JavaThread "Unconstrained build operations Thread 76"        [_thread_blocked, id=28436, stack(0x0000009352200000,0x0000009352300000) (1024K)]
  0x000001ab0fb675c0 JavaThread "Unconstrained build operations Thread 77"        [_thread_blocked, id=18544, stack(0x0000009352300000,0x0000009352400000) (1024K)]
  0x000001ab0fb60630 JavaThread "Unconstrained build operations Thread 78"        [_thread_blocked, id=22108, stack(0x0000009352400000,0x0000009352500000) (1024K)]
  0x000001ab0fb6aa40 JavaThread "Unconstrained build operations Thread 79"        [_thread_blocked, id=28904, stack(0x0000009352500000,0x0000009352600000) (1024K)]
  0x000001ab0fb6cb10 JavaThread "Unconstrained build operations Thread 80"        [_thread_blocked, id=16860, stack(0x0000009352600000,0x0000009352700000) (1024K)]
  0x000001ab0fb60cc0 JavaThread "WorkerExecutor Queue Thread 2"        [_thread_blocked, id=20624, stack(0x0000009352700000,0x0000009352800000) (1024K)]
  0x000001ab0fb619e0 JavaThread "pool-4-thread-1"                   [_thread_blocked, id=16476, stack(0x0000009352800000,0x0000009352900000) (1024K)]
  0x000001ab0fb62070 JavaThread "stderr"                            [_thread_in_native, id=8116, stack(0x0000009352900000,0x0000009352a00000) (1024K)]
  0x000001ab0fb62d90 JavaThread "stdout"                            [_thread_in_native, id=4732, stack(0x0000009352a00000,0x0000009352b00000) (1024K)]
  0x000001ab0f954b50 JavaThread "WorkerExecutor Queue Thread 3"        [_thread_blocked, id=27516, stack(0x0000009352b00000,0x0000009352c00000) (1024K)]
  0x000001ab0f953110 JavaThread "WorkerExecutor Queue Thread 4"        [_thread_blocked, id=23760, stack(0x0000009352c00000,0x0000009352d00000) (1024K)]
  0x000001ab0f94ef70 JavaThread "WorkerExecutor Queue Thread 5"        [_thread_blocked, id=9244, stack(0x000000934f900000,0x000000934fa00000) (1024K)]
  0x000001ab0f9523f0 JavaThread "ForkJoinPool.commonPool-worker-1" daemon [_thread_blocked, id=13700, stack(0x0000009352e00000,0x0000009352f00000) (1024K)]
  0x000001ab0f9551e0 JavaThread "ForkJoinPool.commonPool-worker-2" daemon [_thread_blocked, id=25552, stack(0x0000009352f00000,0x0000009353000000) (1024K)]
  0x000001ab0f952a80 JavaThread "ForkJoinPool.commonPool-worker-3" daemon [_thread_blocked, id=21704, stack(0x000000934d700000,0x000000934d800000) (1024K)]
  0x000001ab0f951040 JavaThread "ForkJoinPool.commonPool-worker-4" daemon [_thread_blocked, id=25584, stack(0x0000009352d00000,0x0000009352e00000) (1024K)]
  0x000001ab0f94f600 JavaThread "ForkJoinPool.commonPool-worker-5" daemon [_thread_blocked, id=21604, stack(0x0000009353000000,0x0000009353100000) (1024K)]
  0x000001ab0f9516d0 JavaThread "ForkJoinPool.commonPool-worker-6" daemon [_thread_blocked, id=15556, stack(0x0000009353100000,0x0000009353200000) (1024K)]
  0x000001ab0f94e250 JavaThread "ForkJoinPool.commonPool-worker-7" daemon [_thread_blocked, id=19492, stack(0x0000009353200000,0x0000009353300000) (1024K)]
  0x000001ab0a379210 JavaThread "C2 CompilerThread1"         daemon [_thread_blocked, id=21220, stack(0x0000009353300000,0x0000009353400000) (1024K)]
  0x000001ab0a377000 JavaThread "C2 CompilerThread2"         daemon [_thread_blocked, id=15540, stack(0x0000009353400000,0x0000009353500000) (1024K)]
Total: 149

Other Threads:
=>0x000001ab055bb3d0 VMThread "VM Thread"                           [id=13012, stack(0x0000009349700000,0x0000009349800000) (1024K)]
  0x000001ab055a7910 WatcherThread "VM Periodic Task Thread"        [id=16400, stack(0x0000009349600000,0x0000009349700000) (1024K)]
  0x000001ab6de95220 WorkerThread "GC Thread#0"                     [id=23004, stack(0x0000009349100000,0x0000009349200000) (1024K)]
  0x000001ab055ba1b0 WorkerThread "GC Thread#1"                     [id=17252, stack(0x000000934a300000,0x000000934a400000) (1024K)]
  0x000001ab055bb770 WorkerThread "GC Thread#2"                     [id=17528, stack(0x000000934a400000,0x000000934a500000) (1024K)]
  0x000001ab055bbb10 WorkerThread "GC Thread#3"                     [id=21132, stack(0x000000934a500000,0x000000934a600000) (1024K)]
  0x000001ab055ba550 WorkerThread "GC Thread#4"                     [id=3512, stack(0x000000934a600000,0x000000934a700000) (1024K)]
  0x000001ab055ba8f0 WorkerThread "GC Thread#5"                     [id=8100, stack(0x000000934a700000,0x000000934a800000) (1024K)]
  0x000001ab0b17c050 WorkerThread "GC Thread#6"                     [id=1056, stack(0x000000934b200000,0x000000934b300000) (1024K)]
  0x000001ab0b17d610 WorkerThread "GC Thread#7"                     [id=26660, stack(0x000000934b300000,0x000000934b400000) (1024K)]
  0x000001ab6dea6280 ConcurrentGCThread "G1 Main Marker"            [id=9324, stack(0x0000009349200000,0x0000009349300000) (1024K)]
  0x000001ab6dea7ca0 WorkerThread "G1 Conc#0"                       [id=28136, stack(0x0000009349300000,0x0000009349400000) (1024K)]
  0x000001ab0b17c790 WorkerThread "G1 Conc#1"                       [id=23664, stack(0x000000934b400000,0x000000934b500000) (1024K)]
  0x000001ab6df0eb40 ConcurrentGCThread "G1 Refine#0"               [id=6396, stack(0x0000009349400000,0x0000009349500000) (1024K)]
  0x000001ab0547ac80 ConcurrentGCThread "G1 Service"                [id=12584, stack(0x0000009349500000,0x0000009349600000) (1024K)]
Total: 15

Threads with active compile tasks:
Total: 0

VM state: at safepoint (normal execution)

VM Mutex/Monitor currently owned by a thread:  ([mutex/lock_event])
[0x00007fff2fe4e3a0] Threads_lock - owner thread: 0x000001ab055bb3d0
[0x00007fff2fe4e4a0] Heap_lock - owner thread: 0x000001ab6dea6280

Heap address: 0x0000000080000000, size: 2048 MB, Compressed Oops mode: 32-bit

CDS archive(s) not mapped
Compressed class space mapped at: 0x0000000100000000-0x0000000140000000, reserved size: 1073741824
Narrow klass base: 0x0000000000000000, Narrow klass shift: 3, Narrow klass range: 0x140000000

GC Precious Log:
 CardTable entry size: 512
 Card Set container configuration: InlinePtr #cards 5 size 8 Array Of Cards #cards 12 size 40 Howl #buckets 4 coarsen threshold 1843 Howl Bitmap #cards 512 size 80 coarsen threshold 460 Card regions per heap region 1 cards per card region 2048
 CPUs: 8 total, 8 available
 Memory: 16247M
 Large Page Support: Disabled
 NUMA Support: Disabled
 Compressed Oops: Enabled (32-bit)
 Heap Region Size: 1M
 Heap Min Capacity: 8M
 Heap Initial Capacity: 254M
 Heap Max Capacity: 2G
 Pre-touch: Disabled
 Parallel Workers: 8
 Concurrent Workers: 2
 Concurrent Refinement Workers: 8
 Periodic GC: Disabled

Heap:
 garbage-first heap   total 279552K, used 274589K [0x0000000080000000, 0x0000000100000000)
  region size 1024K, 8 young (8192K), 6 survivors (6144K)
 Metaspace       used 138885K, committed 141120K, reserved 1179648K
  class space    used 17931K, committed 19072K, reserved 1048576K

Heap Regions: E=young(eden), S=young(survivor), O=old, HS=humongous(starts), HC=humongous(continues), CS=collection set, F=free, TAMS=top-at-mark-start, PB=parsable bottom
|   0|0x0000000080000000, 0x0000000080100000, 0x0000000080100000|100%|HS|  |TAMS 0x0000000080100000| PB 0x0000000080000000| Complete 
|   1|0x0000000080100000, 0x0000000080200000, 0x0000000080200000|100%|HC|  |TAMS 0x0000000080200000| PB 0x0000000080100000| Complete 
|   2|0x0000000080200000, 0x0000000080300000, 0x0000000080300000|100%|HC|  |TAMS 0x0000000080300000| PB 0x0000000080200000| Complete 
|   3|0x0000000080300000, 0x0000000080400000, 0x0000000080400000|100%|HC|  |TAMS 0x0000000080400000| PB 0x0000000080300000| Complete 
|   4|0x0000000080400000, 0x0000000080500000, 0x0000000080500000|100%| O|  |TAMS 0x0000000080500000| PB 0x0000000080500000| Untracked 
|   5|0x0000000080500000, 0x0000000080600000, 0x0000000080600000|100%| O|  |TAMS 0x0000000080600000| PB 0x0000000080600000| Untracked 
|   6|0x0000000080600000, 0x0000000080700000, 0x0000000080700000|100%| O|  |TAMS 0x0000000080700000| PB 0x0000000080700000| Untracked 
|   7|0x0000000080700000, 0x0000000080800000, 0x0000000080800000|100%| O|  |TAMS 0x0000000080800000| PB 0x0000000080800000| Updating 
|   8|0x0000000080800000, 0x0000000080900000, 0x0000000080900000|100%| O|  |TAMS 0x0000000080900000| PB 0x0000000080900000| Updating 
|   9|0x0000000080900000, 0x0000000080a00000, 0x0000000080a00000|100%| O|  |TAMS 0x0000000080a00000| PB 0x0000000080a00000| Updating 
|  10|0x0000000080a00000, 0x0000000080b00000, 0x0000000080b00000|100%| O|  |TAMS 0x0000000080b00000| PB 0x0000000080b00000| Untracked 
|  11|0x0000000080b00000, 0x0000000080c00000, 0x0000000080c00000|100%| O|  |TAMS 0x0000000080c00000| PB 0x0000000080c00000| Untracked 
|  12|0x0000000080c00000, 0x0000000080d00000, 0x0000000080d00000|100%| O|  |TAMS 0x0000000080d00000| PB 0x0000000080d00000| Untracked 
|  13|0x0000000080d00000, 0x0000000080e00000, 0x0000000080e00000|100%| O|  |TAMS 0x0000000080e00000| PB 0x0000000080e00000| Untracked 
|  14|0x0000000080e00000, 0x0000000080f00000, 0x0000000080f00000|100%| O|  |TAMS 0x0000000080f00000| PB 0x0000000080f00000| Untracked 
|  15|0x0000000080f00000, 0x0000000081000000, 0x0000000081000000|100%| O|  |TAMS 0x0000000081000000| PB 0x0000000081000000| Untracked 
|  16|0x0000000081000000, 0x0000000081100000, 0x0000000081100000|100%| O|  |TAMS 0x0000000081100000| PB 0x0000000081100000| Untracked 
|  17|0x0000000081100000, 0x0000000081200000, 0x0000000081200000|100%| O|  |TAMS 0x0000000081200000| PB 0x0000000081200000| Untracked 
|  18|0x0000000081200000, 0x0000000081300000, 0x0000000081300000|100%| O|  |TAMS 0x0000000081300000| PB 0x0000000081300000| Untracked 
|  19|0x0000000081300000, 0x0000000081400000, 0x0000000081400000|100%| O|  |TAMS 0x0000000081400000| PB 0x0000000081400000| Untracked 
|  20|0x0000000081400000, 0x0000000081500000, 0x0000000081500000|100%| O|  |TAMS 0x0000000081500000| PB 0x0000000081500000| Updating 
|  21|0x0000000081500000, 0x0000000081600000, 0x0000000081600000|100%| O|  |TAMS 0x0000000081600000| PB 0x0000000081600000| Updating 
|  22|0x0000000081600000, 0x0000000081700000, 0x0000000081700000|100%| O|  |TAMS 0x0000000081700000| PB 0x0000000081700000| Untracked 
|  23|0x0000000081700000, 0x0000000081800000, 0x0000000081800000|100%| O|  |TAMS 0x0000000081800000| PB 0x0000000081800000| Untracked 
|  24|0x0000000081800000, 0x0000000081900000, 0x0000000081900000|100%| O|  |TAMS 0x0000000081900000| PB 0x0000000081900000| Untracked 
|  25|0x0000000081900000, 0x0000000081a00000, 0x0000000081a00000|100%| O|  |TAMS 0x0000000081a00000| PB 0x0000000081a00000| Untracked 
|  26|0x0000000081a00000, 0x0000000081b00000, 0x0000000081b00000|100%| O|  |TAMS 0x0000000081b00000| PB 0x0000000081b00000| Untracked 
|  27|0x0000000081b00000, 0x0000000081c00000, 0x0000000081c00000|100%| O|  |TAMS 0x0000000081c00000| PB 0x0000000081c00000| Untracked 
|  28|0x0000000081c00000, 0x0000000081d00000, 0x0000000081d00000|100%| O|  |TAMS 0x0000000081d00000| PB 0x0000000081d00000| Updating 
|  29|0x0000000081d00000, 0x0000000081e00000, 0x0000000081e00000|100%| O|  |TAMS 0x0000000081e00000| PB 0x0000000081e00000| Untracked 
|  30|0x0000000081e00000, 0x0000000081f00000, 0x0000000081f00000|100%| O|  |TAMS 0x0000000081f00000| PB 0x0000000081f00000| Untracked 
|  31|0x0000000081f00000, 0x0000000082000000, 0x0000000082000000|100%| O|  |TAMS 0x0000000082000000| PB 0x0000000082000000| Untracked 
|  32|0x0000000082000000, 0x0000000082100000, 0x0000000082100000|100%| O|  |TAMS 0x0000000082100000| PB 0x0000000082100000| Untracked 
|  33|0x0000000082100000, 0x0000000082200000, 0x0000000082200000|100%| O|  |TAMS 0x0000000082200000| PB 0x0000000082200000| Untracked 
|  34|0x0000000082200000, 0x0000000082300000, 0x0000000082300000|100%| O|  |TAMS 0x0000000082300000| PB 0x0000000082300000| Untracked 
|  35|0x0000000082300000, 0x0000000082400000, 0x0000000082400000|100%| O|  |TAMS 0x0000000082400000| PB 0x0000000082400000| Untracked 
|  36|0x0000000082400000, 0x0000000082500000, 0x0000000082500000|100%| O|  |TAMS 0x0000000082500000| PB 0x0000000082500000| Updating 
|  37|0x0000000082500000, 0x0000000082600000, 0x0000000082600000|100%| O|  |TAMS 0x0000000082600000| PB 0x0000000082600000| Untracked 
|  38|0x0000000082600000, 0x0000000082700000, 0x0000000082700000|100%| O|  |TAMS 0x0000000082700000| PB 0x0000000082700000| Untracked 
|  39|0x0000000082700000, 0x0000000082800000, 0x0000000082800000|100%| O|  |TAMS 0x0000000082800000| PB 0x0000000082800000| Untracked 
|  40|0x0000000082800000, 0x0000000082900000, 0x0000000082900000|100%| O|  |TAMS 0x0000000082900000| PB 0x0000000082900000| Untracked 
|  41|0x0000000082900000, 0x0000000082a00000, 0x0000000082a00000|100%| O|  |TAMS 0x0000000082a00000| PB 0x0000000082a00000| Untracked 
|  42|0x0000000082a00000, 0x0000000082b00000, 0x0000000082b00000|100%| O|  |TAMS 0x0000000082b00000| PB 0x0000000082b00000| Untracked 
|  43|0x0000000082b00000, 0x0000000082c00000, 0x0000000082c00000|100%| O|  |TAMS 0x0000000082c00000| PB 0x0000000082c00000| Untracked 
|  44|0x0000000082c00000, 0x0000000082d00000, 0x0000000082d00000|100%| O|  |TAMS 0x0000000082d00000| PB 0x0000000082d00000| Untracked 
|  45|0x0000000082d00000, 0x0000000082e00000, 0x0000000082e00000|100%| O|  |TAMS 0x0000000082e00000| PB 0x0000000082e00000| Untracked 
|  46|0x0000000082e00000, 0x0000000082f00000, 0x0000000082f00000|100%| O|  |TAMS 0x0000000082f00000| PB 0x0000000082f00000| Untracked 
|  47|0x0000000082f00000, 0x0000000083000000, 0x0000000083000000|100%|HS|  |TAMS 0x0000000083000000| PB 0x0000000082f00000| Complete 
|  48|0x0000000083000000, 0x0000000083100000, 0x0000000083100000|100%| O|  |TAMS 0x0000000083100000| PB 0x0000000083100000| Untracked 
|  49|0x0000000083100000, 0x0000000083200000, 0x0000000083200000|100%| O|  |TAMS 0x0000000083200000| PB 0x0000000083200000| Untracked 
|  50|0x0000000083200000, 0x0000000083300000, 0x0000000083300000|100%|HS|  |TAMS 0x0000000083300000| PB 0x0000000083200000| Complete 
|  51|0x0000000083300000, 0x0000000083400000, 0x0000000083400000|100%|HC|  |TAMS 0x0000000083400000| PB 0x0000000083300000| Complete 
|  52|0x0000000083400000, 0x0000000083500000, 0x0000000083500000|100%|HS|  |TAMS 0x0000000083500000| PB 0x0000000083400000| Complete 
|  53|0x0000000083500000, 0x0000000083600000, 0x0000000083600000|100%|HS|  |TAMS 0x0000000083600000| PB 0x0000000083500000| Complete 
|  54|0x0000000083600000, 0x0000000083700000, 0x0000000083700000|100%|HS|  |TAMS 0x0000000083700000| PB 0x0000000083600000| Complete 
|  55|0x0000000083700000, 0x0000000083800000, 0x0000000083800000|100%|HC|  |TAMS 0x0000000083800000| PB 0x0000000083700000| Complete 
|  56|0x0000000083800000, 0x0000000083900000, 0x0000000083900000|100%|HC|  |TAMS 0x0000000083900000| PB 0x0000000083800000| Complete 
|  57|0x0000000083900000, 0x0000000083a00000, 0x0000000083a00000|100%|HC|  |TAMS 0x0000000083a00000| PB 0x0000000083900000| Complete 
|  58|0x0000000083a00000, 0x0000000083b00000, 0x0000000083b00000|100%|HS|  |TAMS 0x0000000083b00000| PB 0x0000000083a00000| Complete 
|  59|0x0000000083b00000, 0x0000000083c00000, 0x0000000083c00000|100%|HS|  |TAMS 0x0000000083c00000| PB 0x0000000083b00000| Complete 
|  60|0x0000000083c00000, 0x0000000083d00000, 0x0000000083d00000|100%|HS|  |TAMS 0x0000000083d00000| PB 0x0000000083c00000| Complete 
|  61|0x0000000083d00000, 0x0000000083e00000, 0x0000000083e00000|100%| O|  |TAMS 0x0000000083e00000| PB 0x0000000083e00000| Untracked 
|  62|0x0000000083e00000, 0x0000000083f00000, 0x0000000083f00000|100%| O|  |TAMS 0x0000000083f00000| PB 0x0000000083f00000| Untracked 
|  63|0x0000000083f00000, 0x0000000084000000, 0x0000000084000000|100%| O|  |TAMS 0x0000000084000000| PB 0x0000000084000000| Untracked 
|  64|0x0000000084000000, 0x0000000084100000, 0x0000000084100000|100%|HS|  |TAMS 0x0000000084100000| PB 0x0000000084000000| Complete 
|  65|0x0000000084100000, 0x0000000084200000, 0x0000000084200000|100%|HC|  |TAMS 0x0000000084200000| PB 0x0000000084100000| Complete 
|  66|0x0000000084200000, 0x0000000084300000, 0x0000000084300000|100%|HS|  |TAMS 0x0000000084300000| PB 0x0000000084200000| Complete 
|  67|0x0000000084300000, 0x0000000084400000, 0x0000000084400000|100%| O|  |TAMS 0x0000000084400000| PB 0x0000000084400000| Untracked 
|  68|0x0000000084400000, 0x0000000084500000, 0x0000000084500000|100%| O|  |TAMS 0x0000000084500000| PB 0x0000000084500000| Untracked 
|  69|0x0000000084500000, 0x0000000084600000, 0x0000000084600000|100%| O|  |TAMS 0x0000000084600000| PB 0x0000000084600000| Untracked 
|  70|0x0000000084600000, 0x0000000084700000, 0x0000000084700000|100%| O|  |TAMS 0x0000000084700000| PB 0x0000000084700000| Updating 
|  71|0x0000000084700000, 0x0000000084800000, 0x0000000084800000|100%| O|  |TAMS 0x0000000084800000| PB 0x0000000084800000| Untracked 
|  72|0x0000000084800000, 0x0000000084900000, 0x0000000084900000|100%| O|  |TAMS 0x0000000084900000| PB 0x0000000084900000| Untracked 
|  73|0x0000000084900000, 0x0000000084a00000, 0x0000000084a00000|100%| O|  |TAMS 0x0000000084a00000| PB 0x0000000084a00000| Untracked 
|  74|0x0000000084a00000, 0x0000000084b00000, 0x0000000084b00000|100%| O|  |TAMS 0x0000000084b00000| PB 0x0000000084b00000| Untracked 
|  75|0x0000000084b00000, 0x0000000084c00000, 0x0000000084c00000|100%| O|  |TAMS 0x0000000084c00000| PB 0x0000000084c00000| Untracked 
|  76|0x0000000084c00000, 0x0000000084d00000, 0x0000000084d00000|100%|HS|  |TAMS 0x0000000084d00000| PB 0x0000000084c00000| Complete 
|  77|0x0000000084d00000, 0x0000000084e00000, 0x0000000084e00000|100%|HC|  |TAMS 0x0000000084e00000| PB 0x0000000084d00000| Complete 
|  78|0x0000000084e00000, 0x0000000084f00000, 0x0000000084f00000|100%|HC|  |TAMS 0x0000000084f00000| PB 0x0000000084e00000| Complete 
|  79|0x0000000084f00000, 0x0000000085000000, 0x0000000085000000|100%|HC|  |TAMS 0x0000000085000000| PB 0x0000000084f00000| Complete 
|  80|0x0000000085000000, 0x0000000085100000, 0x0000000085100000|100%| O|  |TAMS 0x0000000085100000| PB 0x0000000085100000| Untracked 
|  81|0x0000000085100000, 0x0000000085200000, 0x0000000085200000|100%| O|  |TAMS 0x0000000085200000| PB 0x0000000085200000| Untracked 
|  82|0x0000000085200000, 0x0000000085300000, 0x0000000085300000|100%| O|  |TAMS 0x0000000085300000| PB 0x0000000085300000| Untracked 
|  83|0x0000000085300000, 0x0000000085400000, 0x0000000085400000|100%| O|  |TAMS 0x0000000085400000| PB 0x0000000085400000| Untracked 
|  84|0x0000000085400000, 0x0000000085500000, 0x0000000085500000|100%| O|  |TAMS 0x0000000085500000| PB 0x0000000085500000| Updating 
|  85|0x0000000085500000, 0x0000000085600000, 0x0000000085600000|100%| O|  |TAMS 0x0000000085600000| PB 0x0000000085600000| Untracked 
|  86|0x0000000085600000, 0x0000000085700000, 0x0000000085700000|100%| O|  |TAMS 0x0000000085700000| PB 0x0000000085700000| Untracked 
|  87|0x0000000085700000, 0x0000000085800000, 0x0000000085800000|100%| O|  |TAMS 0x0000000085800000| PB 0x0000000085800000| Untracked 
|  88|0x0000000085800000, 0x0000000085900000, 0x0000000085900000|100%| O|  |TAMS 0x0000000085900000| PB 0x0000000085900000| Untracked 
|  89|0x0000000085900000, 0x0000000085a00000, 0x0000000085a00000|100%| O|  |TAMS 0x0000000085a00000| PB 0x0000000085a00000| Updating 
|  90|0x0000000085a00000, 0x0000000085b00000, 0x0000000085b00000|100%| O|  |TAMS 0x0000000085b00000| PB 0x0000000085b00000| Updating 
|  91|0x0000000085b00000, 0x0000000085c00000, 0x0000000085c00000|100%| O|  |TAMS 0x0000000085c00000| PB 0x0000000085c00000| Untracked 
|  92|0x0000000085c00000, 0x0000000085d00000, 0x0000000085d00000|100%| O|  |TAMS 0x0000000085d00000| PB 0x0000000085d00000| Updating 
|  93|0x0000000085d00000, 0x0000000085e00000, 0x0000000085e00000|100%| O|  |TAMS 0x0000000085e00000| PB 0x0000000085e00000| Untracked 
|  94|0x0000000085e00000, 0x0000000085f00000, 0x0000000085f00000|100%| O|  |TAMS 0x0000000085f00000| PB 0x0000000085f00000| Untracked 
|  95|0x0000000085f00000, 0x0000000086000000, 0x0000000086000000|100%| O|  |TAMS 0x0000000086000000| PB 0x0000000086000000| Untracked 
|  96|0x0000000086000000, 0x0000000086100000, 0x0000000086100000|100%| O|  |TAMS 0x0000000086100000| PB 0x0000000086100000| Untracked 
|  97|0x0000000086100000, 0x0000000086200000, 0x0000000086200000|100%| O|  |TAMS 0x0000000086200000| PB 0x0000000086200000| Untracked 
|  98|0x0000000086200000, 0x0000000086300000, 0x0000000086300000|100%| O|  |TAMS 0x0000000086300000| PB 0x0000000086300000| Untracked 
|  99|0x0000000086300000, 0x0000000086400000, 0x0000000086400000|100%| O|  |TAMS 0x0000000086400000| PB 0x0000000086400000| Untracked 
| 100|0x0000000086400000, 0x0000000086500000, 0x0000000086500000|100%| O|  |TAMS 0x0000000086500000| PB 0x0000000086500000| Untracked 
| 101|0x0000000086500000, 0x0000000086600000, 0x0000000086600000|100%| O|  |TAMS 0x0000000086600000| PB 0x0000000086600000| Untracked 
| 102|0x0000000086600000, 0x0000000086700000, 0x0000000086700000|100%| O|  |TAMS 0x0000000086700000| PB 0x0000000086700000| Untracked 
| 103|0x0000000086700000, 0x0000000086800000, 0x0000000086800000|100%| O|  |TAMS 0x0000000086800000| PB 0x0000000086800000| Untracked 
| 104|0x0000000086800000, 0x0000000086900000, 0x0000000086900000|100%| O|  |TAMS 0x0000000086900000| PB 0x0000000086900000| Untracked 
| 105|0x0000000086900000, 0x0000000086a00000, 0x0000000086a00000|100%| O|  |TAMS 0x0000000086a00000| PB 0x0000000086a00000| Untracked 
| 106|0x0000000086a00000, 0x0000000086b00000, 0x0000000086b00000|100%| O|  |TAMS 0x0000000086b00000| PB 0x0000000086b00000| Untracked 
| 107|0x0000000086b00000, 0x0000000086c00000, 0x0000000086c00000|100%| O|  |TAMS 0x0000000086c00000| PB 0x0000000086c00000| Untracked 
| 108|0x0000000086c00000, 0x0000000086d00000, 0x0000000086d00000|100%| O|  |TAMS 0x0000000086d00000| PB 0x0000000086d00000| Untracked 
| 109|0x0000000086d00000, 0x0000000086e00000, 0x0000000086e00000|100%| O|  |TAMS 0x0000000086e00000| PB 0x0000000086e00000| Untracked 
| 110|0x0000000086e00000, 0x0000000086f00000, 0x0000000086f00000|100%| O|  |TAMS 0x0000000086f00000| PB 0x0000000086f00000| Untracked 
| 111|0x0000000086f00000, 0x0000000087000000, 0x0000000087000000|100%| O|  |TAMS 0x0000000087000000| PB 0x0000000087000000| Untracked 
| 112|0x0000000087000000, 0x0000000087100000, 0x0000000087100000|100%| O|  |TAMS 0x0000000087100000| PB 0x0000000087100000| Untracked 
| 113|0x0000000087100000, 0x0000000087200000, 0x0000000087200000|100%| O|  |TAMS 0x0000000087200000| PB 0x0000000087200000| Updating 
| 114|0x0000000087200000, 0x0000000087300000, 0x0000000087300000|100%| O|  |TAMS 0x0000000087300000| PB 0x0000000087300000| Untracked 
| 115|0x0000000087300000, 0x0000000087400000, 0x0000000087400000|100%| O|  |TAMS 0x0000000087400000| PB 0x0000000087400000| Untracked 
| 116|0x0000000087400000, 0x0000000087500000, 0x0000000087500000|100%| O|  |TAMS 0x0000000087500000| PB 0x0000000087500000| Updating 
| 117|0x0000000087500000, 0x0000000087600000, 0x0000000087600000|100%| O|  |TAMS 0x0000000087600000| PB 0x0000000087600000| Untracked 
| 118|0x0000000087600000, 0x0000000087700000, 0x0000000087700000|100%| O|  |TAMS 0x0000000087700000| PB 0x0000000087700000| Untracked 
| 119|0x0000000087700000, 0x0000000087800000, 0x0000000087800000|100%| O|  |TAMS 0x0000000087800000| PB 0x0000000087800000| Untracked 
| 120|0x0000000087800000, 0x0000000087900000, 0x0000000087900000|100%| O|  |TAMS 0x0000000087900000| PB 0x0000000087900000| Untracked 
| 121|0x0000000087900000, 0x0000000087a00000, 0x0000000087a00000|100%| O|  |TAMS 0x0000000087a00000| PB 0x0000000087a00000| Untracked 
| 122|0x0000000087a00000, 0x0000000087b00000, 0x0000000087b00000|100%| O|  |TAMS 0x0000000087b00000| PB 0x0000000087b00000| Untracked 
| 123|0x0000000087b00000, 0x0000000087c00000, 0x0000000087c00000|100%| O|  |TAMS 0x0000000087c00000| PB 0x0000000087c00000| Untracked 
| 124|0x0000000087c00000, 0x0000000087d00000, 0x0000000087d00000|100%| O|  |TAMS 0x0000000087d00000| PB 0x0000000087d00000| Updating 
| 125|0x0000000087d00000, 0x0000000087e00000, 0x0000000087e00000|100%| O|  |TAMS 0x0000000087e00000| PB 0x0000000087e00000| Updating 
| 126|0x0000000087e00000, 0x0000000087f00000, 0x0000000087f00000|100%| O|  |TAMS 0x0000000087f00000| PB 0x0000000087f00000| Untracked 
| 127|0x0000000087f00000, 0x0000000088000000, 0x0000000088000000|100%| O|  |TAMS 0x0000000088000000| PB 0x0000000088000000| Untracked 
| 128|0x0000000088000000, 0x0000000088100000, 0x0000000088100000|100%| O|  |TAMS 0x0000000088100000| PB 0x0000000088100000| Updating 
| 129|0x0000000088100000, 0x0000000088200000, 0x0000000088200000|100%| O|  |TAMS 0x0000000088100000| PB 0x0000000088100000| Untracked 
| 130|0x0000000088200000, 0x0000000088300000, 0x0000000088300000|100%| O|  |TAMS 0x0000000088300000| PB 0x0000000088300000| Untracked 
| 131|0x0000000088300000, 0x0000000088400000, 0x0000000088400000|100%| O|  |TAMS 0x0000000088400000| PB 0x0000000088400000| Untracked 
| 132|0x0000000088400000, 0x0000000088500000, 0x0000000088500000|100%| O|  |TAMS 0x0000000088500000| PB 0x0000000088500000| Untracked 
| 133|0x0000000088500000, 0x0000000088600000, 0x0000000088600000|100%| O|  |TAMS 0x0000000088500000| PB 0x0000000088500000| Untracked 
| 134|0x0000000088600000, 0x0000000088700000, 0x0000000088700000|100%| O|  |TAMS 0x0000000088700000| PB 0x0000000088700000| Untracked 
| 135|0x0000000088700000, 0x0000000088800000, 0x0000000088800000|100%| O|  |TAMS 0x0000000088800000| PB 0x0000000088800000| Untracked 
| 136|0x0000000088800000, 0x0000000088900000, 0x0000000088900000|100%| O|  |TAMS 0x0000000088900000| PB 0x0000000088900000| Untracked 
| 137|0x0000000088900000, 0x0000000088a00000, 0x0000000088a00000|100%| O|  |TAMS 0x0000000088a00000| PB 0x0000000088a00000| Updating 
| 138|0x0000000088a00000, 0x0000000088b00000, 0x0000000088b00000|100%| O|  |TAMS 0x0000000088a00000| PB 0x0000000088a00000| Untracked 
| 139|0x0000000088b00000, 0x0000000088c00000, 0x0000000088c00000|100%| O|  |TAMS 0x0000000088c00000| PB 0x0000000088c00000| Updating 
| 140|0x0000000088c00000, 0x0000000088d00000, 0x0000000088d00000|100%| O|  |TAMS 0x0000000088d00000| PB 0x0000000088d00000| Untracked 
| 141|0x0000000088d00000, 0x0000000088e00000, 0x0000000088e00000|100%| O|  |TAMS 0x0000000088e00000| PB 0x0000000088e00000| Updating 
| 142|0x0000000088e00000, 0x0000000088f00000, 0x0000000088f00000|100%|HS|  |TAMS 0x0000000088f00000| PB 0x0000000088e00000| Complete 
| 143|0x0000000088f00000, 0x0000000089000000, 0x0000000089000000|100%|HC|  |TAMS 0x0000000089000000| PB 0x0000000088f00000| Complete 
| 144|0x0000000089000000, 0x0000000089100000, 0x0000000089100000|100%|HC|  |TAMS 0x0000000089100000| PB 0x0000000089000000| Complete 
| 145|0x0000000089100000, 0x0000000089200000, 0x0000000089200000|100%|HS|  |TAMS 0x0000000089200000| PB 0x0000000089100000| Complete 
| 146|0x0000000089200000, 0x0000000089300000, 0x0000000089300000|100%|HC|  |TAMS 0x0000000089300000| PB 0x0000000089200000| Complete 
| 147|0x0000000089300000, 0x0000000089400000, 0x0000000089400000|100%|HC|  |TAMS 0x0000000089400000| PB 0x0000000089300000| Complete 
| 148|0x0000000089400000, 0x0000000089500000, 0x0000000089500000|100%|HC|  |TAMS 0x0000000089500000| PB 0x0000000089400000| Complete 
| 149|0x0000000089500000, 0x0000000089600000, 0x0000000089600000|100%| O|  |TAMS 0x0000000089500000| PB 0x0000000089500000| Untracked 
| 150|0x0000000089600000, 0x0000000089670b98, 0x0000000089700000| 44%| O|  |TAMS 0x0000000089600000| PB 0x0000000089600000| Updating 
| 151|0x0000000089700000, 0x0000000089800000, 0x0000000089800000|100%| O|  |TAMS 0x0000000089800000| PB 0x0000000089800000| Untracked 
| 152|0x0000000089800000, 0x0000000089900000, 0x0000000089900000|100%| O|  |TAMS 0x0000000089900000| PB 0x0000000089900000| Untracked 
| 153|0x0000000089900000, 0x0000000089a00000, 0x0000000089a00000|100%| O|  |TAMS 0x0000000089a00000| PB 0x0000000089a00000| Untracked 
| 154|0x0000000089a00000, 0x0000000089b00000, 0x0000000089b00000|100%| O|  |TAMS 0x0000000089b00000| PB 0x0000000089b00000| Updating 
| 155|0x0000000089b00000, 0x0000000089c00000, 0x0000000089c00000|100%| O|  |TAMS 0x0000000089c00000| PB 0x0000000089c00000| Updating 
| 156|0x0000000089c00000, 0x0000000089d00000, 0x0000000089d00000|100%| O|  |TAMS 0x0000000089d00000| PB 0x0000000089d00000| Untracked 
| 157|0x0000000089d00000, 0x0000000089e00000, 0x0000000089e00000|100%| O|  |TAMS 0x0000000089e00000| PB 0x0000000089e00000| Untracked 
| 158|0x0000000089e00000, 0x0000000089f00000, 0x0000000089f00000|100%| O|  |TAMS 0x0000000089eeea80| PB 0x0000000089eeea80| Updating 
| 159|0x0000000089f00000, 0x000000008a000000, 0x000000008a000000|100%|HS|  |TAMS 0x0000000089f00000| PB 0x0000000089f00000| Complete 
| 160|0x000000008a000000, 0x000000008a100000, 0x000000008a100000|100%|HC|  |TAMS 0x000000008a000000| PB 0x000000008a000000| Complete 
| 161|0x000000008a100000, 0x000000008a200000, 0x000000008a200000|100%|HC|  |TAMS 0x000000008a100000| PB 0x000000008a100000| Complete 
| 162|0x000000008a200000, 0x000000008a300000, 0x000000008a300000|100%|HC|  |TAMS 0x000000008a200000| PB 0x000000008a200000| Complete 
| 163|0x000000008a300000, 0x000000008a400000, 0x000000008a400000|100%|HC|  |TAMS 0x000000008a300000| PB 0x000000008a300000| Complete 
| 164|0x000000008a400000, 0x000000008a500000, 0x000000008a500000|100%|HC|  |TAMS 0x000000008a400000| PB 0x000000008a400000| Complete 
| 165|0x000000008a500000, 0x000000008a600000, 0x000000008a600000|100%|HC|  |TAMS 0x000000008a500000| PB 0x000000008a500000| Complete 
| 166|0x000000008a600000, 0x000000008a700000, 0x000000008a700000|100%|HC|  |TAMS 0x000000008a600000| PB 0x000000008a600000| Complete 
| 167|0x000000008a700000, 0x000000008a800000, 0x000000008a800000|100%|HC|  |TAMS 0x000000008a700000| PB 0x000000008a700000| Complete 
| 168|0x000000008a800000, 0x000000008a900000, 0x000000008a900000|100%|HC|  |TAMS 0x000000008a800000| PB 0x000000008a800000| Complete 
| 169|0x000000008a900000, 0x000000008aa00000, 0x000000008aa00000|100%|HC|  |TAMS 0x000000008a900000| PB 0x000000008a900000| Complete 
| 170|0x000000008aa00000, 0x000000008ab00000, 0x000000008ab00000|100%|HC|  |TAMS 0x000000008aa00000| PB 0x000000008aa00000| Complete 
| 171|0x000000008ab00000, 0x000000008ac00000, 0x000000008ac00000|100%|HC|  |TAMS 0x000000008ab00000| PB 0x000000008ab00000| Complete 
| 172|0x000000008ac00000, 0x000000008ad00000, 0x000000008ad00000|100%|HC|  |TAMS 0x000000008ac00000| PB 0x000000008ac00000| Complete 
| 173|0x000000008ad00000, 0x000000008ae00000, 0x000000008ae00000|100%|HC|  |TAMS 0x000000008ad00000| PB 0x000000008ad00000| Complete 
| 174|0x000000008ae00000, 0x000000008af00000, 0x000000008af00000|100%|HC|  |TAMS 0x000000008ae00000| PB 0x000000008ae00000| Complete 
| 175|0x000000008af00000, 0x000000008b000000, 0x000000008b000000|100%|HS|  |TAMS 0x000000008af00000| PB 0x000000008af00000| Complete 
| 176|0x000000008b000000, 0x000000008b100000, 0x000000008b100000|100%|HC|  |TAMS 0x000000008b000000| PB 0x000000008b000000| Complete 
| 177|0x000000008b100000, 0x000000008b200000, 0x000000008b200000|100%|HC|  |TAMS 0x000000008b100000| PB 0x000000008b100000| Complete 
| 178|0x000000008b200000, 0x000000008b300000, 0x000000008b300000|100%|HC|  |TAMS 0x000000008b200000| PB 0x000000008b200000| Complete 
| 179|0x000000008b300000, 0x000000008b400000, 0x000000008b400000|100%|HC|  |TAMS 0x000000008b300000| PB 0x000000008b300000| Complete 
| 180|0x000000008b400000, 0x000000008b500000, 0x000000008b500000|100%|HC|  |TAMS 0x000000008b400000| PB 0x000000008b400000| Complete 
| 181|0x000000008b500000, 0x000000008b600000, 0x000000008b600000|100%|HC|  |TAMS 0x000000008b500000| PB 0x000000008b500000| Complete 
| 182|0x000000008b600000, 0x000000008b700000, 0x000000008b700000|100%|HC|  |TAMS 0x000000008b600000| PB 0x000000008b600000| Complete 
| 183|0x000000008b700000, 0x000000008b800000, 0x000000008b800000|100%|HC|  |TAMS 0x000000008b700000| PB 0x000000008b700000| Complete 
| 184|0x000000008b800000, 0x000000008b900000, 0x000000008b900000|100%|HC|  |TAMS 0x000000008b800000| PB 0x000000008b800000| Complete 
| 185|0x000000008b900000, 0x000000008ba00000, 0x000000008ba00000|100%|HS|  |TAMS 0x000000008b900000| PB 0x000000008b900000| Complete 
| 186|0x000000008ba00000, 0x000000008bb00000, 0x000000008bb00000|100%|HC|  |TAMS 0x000000008ba00000| PB 0x000000008ba00000| Complete 
| 187|0x000000008bb00000, 0x000000008bc00000, 0x000000008bc00000|100%|HC|  |TAMS 0x000000008bb00000| PB 0x000000008bb00000| Complete 
| 188|0x000000008bc00000, 0x000000008bd00000, 0x000000008bd00000|100%|HC|  |TAMS 0x000000008bc00000| PB 0x000000008bc00000| Complete 
| 189|0x000000008bd00000, 0x000000008be00000, 0x000000008be00000|100%|HS|  |TAMS 0x000000008bd00000| PB 0x000000008bd00000| Complete 
| 190|0x000000008be00000, 0x000000008bf00000, 0x000000008bf00000|100%|HC|  |TAMS 0x000000008be00000| PB 0x000000008be00000| Complete 
| 191|0x000000008bf00000, 0x000000008c000000, 0x000000008c000000|100%|HC|  |TAMS 0x000000008bf00000| PB 0x000000008bf00000| Complete 
| 192|0x000000008c000000, 0x000000008c100000, 0x000000008c100000|100%|HC|  |TAMS 0x000000008c000000| PB 0x000000008c000000| Complete 
| 193|0x000000008c100000, 0x000000008c200000, 0x000000008c200000|100%|HC|  |TAMS 0x000000008c100000| PB 0x000000008c100000| Complete 
| 194|0x000000008c200000, 0x000000008c300000, 0x000000008c300000|100%|HC|  |TAMS 0x000000008c200000| PB 0x000000008c200000| Complete 
| 195|0x000000008c300000, 0x000000008c400000, 0x000000008c400000|100%|HC|  |TAMS 0x000000008c300000| PB 0x000000008c300000| Complete 
| 196|0x000000008c400000, 0x000000008c500000, 0x000000008c500000|100%|HS|  |TAMS 0x000000008c400000| PB 0x000000008c400000| Complete 
| 197|0x000000008c500000, 0x000000008c600000, 0x000000008c600000|100%|HC|  |TAMS 0x000000008c500000| PB 0x000000008c500000| Complete 
| 198|0x000000008c600000, 0x000000008c700000, 0x000000008c700000|100%|HC|  |TAMS 0x000000008c600000| PB 0x000000008c600000| Complete 
| 199|0x000000008c700000, 0x000000008c800000, 0x000000008c800000|100%|HC|  |TAMS 0x000000008c700000| PB 0x000000008c700000| Complete 
| 200|0x000000008c800000, 0x000000008c900000, 0x000000008c900000|100%|HC|  |TAMS 0x000000008c800000| PB 0x000000008c800000| Complete 
| 201|0x000000008c900000, 0x000000008ca00000, 0x000000008ca00000|100%|HC|  |TAMS 0x000000008c900000| PB 0x000000008c900000| Complete 
| 202|0x000000008ca00000, 0x000000008cb00000, 0x000000008cb00000|100%|HC|  |TAMS 0x000000008ca00000| PB 0x000000008ca00000| Complete 
| 203|0x000000008cb00000, 0x000000008cc00000, 0x000000008cc00000|100%|HC|  |TAMS 0x000000008cb00000| PB 0x000000008cb00000| Complete 
| 204|0x000000008cc00000, 0x000000008cd00000, 0x000000008cd00000|100%|HS|  |TAMS 0x000000008cc00000| PB 0x000000008cc00000| Complete 
| 205|0x000000008cd00000, 0x000000008ce00000, 0x000000008ce00000|100%|HC|  |TAMS 0x000000008cd00000| PB 0x000000008cd00000| Complete 
| 206|0x000000008ce00000, 0x000000008cf00000, 0x000000008cf00000|100%|HC|  |TAMS 0x000000008ce00000| PB 0x000000008ce00000| Complete 
| 207|0x000000008cf00000, 0x000000008d000000, 0x000000008d000000|100%|HC|  |TAMS 0x000000008cf00000| PB 0x000000008cf00000| Complete 
| 208|0x000000008d000000, 0x000000008d000000, 0x000000008d100000|  0%| F|  |TAMS 0x000000008d000000| PB 0x000000008d000000| Untracked 
| 209|0x000000008d100000, 0x000000008d1b6918, 0x000000008d200000| 71%| S|CS|TAMS 0x000000008d100000| PB 0x000000008d100000| Complete 
| 210|0x000000008d200000, 0x000000008d300000, 0x000000008d300000|100%| S|CS|TAMS 0x000000008d200000| PB 0x000000008d200000| Complete 
| 211|0x000000008d300000, 0x000000008d400000, 0x000000008d400000|100%| S|CS|TAMS 0x000000008d300000| PB 0x000000008d300000| Complete 
| 212|0x000000008d400000, 0x000000008d500000, 0x000000008d500000|100%| S|CS|TAMS 0x000000008d400000| PB 0x000000008d400000| Complete 
| 213|0x000000008d500000, 0x000000008d600000, 0x000000008d600000|100%| S|CS|TAMS 0x000000008d500000| PB 0x000000008d500000| Complete 
| 214|0x000000008d600000, 0x000000008d700000, 0x000000008d700000|100%| S|CS|TAMS 0x000000008d600000| PB 0x000000008d600000| Complete 
| 215|0x000000008d700000, 0x000000008d800000, 0x000000008d800000|100%|HS|  |TAMS 0x000000008d700000| PB 0x000000008d700000| Complete 
| 216|0x000000008d800000, 0x000000008d900000, 0x000000008d900000|100%|HC|  |TAMS 0x000000008d800000| PB 0x000000008d800000| Complete 
| 217|0x000000008d900000, 0x000000008da00000, 0x000000008da00000|100%|HC|  |TAMS 0x000000008d900000| PB 0x000000008d900000| Complete 
| 218|0x000000008da00000, 0x000000008db00000, 0x000000008db00000|100%|HC|  |TAMS 0x000000008da00000| PB 0x000000008da00000| Complete 
| 219|0x000000008db00000, 0x000000008dc00000, 0x000000008dc00000|100%|HC|  |TAMS 0x000000008db00000| PB 0x000000008db00000| Complete 
| 220|0x000000008dc00000, 0x000000008dd00000, 0x000000008dd00000|100%|HC|  |TAMS 0x000000008dc00000| PB 0x000000008dc00000| Complete 
| 221|0x000000008dd00000, 0x000000008de00000, 0x000000008de00000|100%|HC|  |TAMS 0x000000008dd00000| PB 0x000000008dd00000| Complete 
| 222|0x000000008de00000, 0x000000008df00000, 0x000000008df00000|100%|HC|  |TAMS 0x000000008de00000| PB 0x000000008de00000| Complete 
| 223|0x000000008df00000, 0x000000008e000000, 0x000000008e000000|100%|HC|  |TAMS 0x000000008df00000| PB 0x000000008df00000| Complete 
| 224|0x000000008e000000, 0x000000008e100000, 0x000000008e100000|100%|HC|  |TAMS 0x000000008e000000| PB 0x000000008e000000| Complete 
| 225|0x000000008e100000, 0x000000008e200000, 0x000000008e200000|100%|HC|  |TAMS 0x000000008e100000| PB 0x000000008e100000| Complete 
| 226|0x000000008e200000, 0x000000008e300000, 0x000000008e300000|100%|HC|  |TAMS 0x000000008e200000| PB 0x000000008e200000| Complete 
| 227|0x000000008e300000, 0x000000008e400000, 0x000000008e400000|100%|HC|  |TAMS 0x000000008e300000| PB 0x000000008e300000| Complete 
| 228|0x000000008e400000, 0x000000008e500000, 0x000000008e500000|100%|HC|  |TAMS 0x000000008e400000| PB 0x000000008e400000| Complete 
| 229|0x000000008e500000, 0x000000008e600000, 0x000000008e600000|100%|HC|  |TAMS 0x000000008e500000| PB 0x000000008e500000| Complete 
| 230|0x000000008e600000, 0x000000008e700000, 0x000000008e700000|100%|HC|  |TAMS 0x000000008e600000| PB 0x000000008e600000| Complete 
| 231|0x000000008e700000, 0x000000008e800000, 0x000000008e800000|100%|HC|  |TAMS 0x000000008e700000| PB 0x000000008e700000| Complete 
| 232|0x000000008e800000, 0x000000008e900000, 0x000000008e900000|100%|HC|  |TAMS 0x000000008e800000| PB 0x000000008e800000| Complete 
| 233|0x000000008e900000, 0x000000008ea00000, 0x000000008ea00000|100%|HC|  |TAMS 0x000000008e900000| PB 0x000000008e900000| Complete 
| 234|0x000000008ea00000, 0x000000008eb00000, 0x000000008eb00000|100%|HC|  |TAMS 0x000000008ea00000| PB 0x000000008ea00000| Complete 
| 235|0x000000008eb00000, 0x000000008ec00000, 0x000000008ec00000|100%|HC|  |TAMS 0x000000008eb00000| PB 0x000000008eb00000| Complete 
| 236|0x000000008ec00000, 0x000000008ed00000, 0x000000008ed00000|100%|HC|  |TAMS 0x000000008ec00000| PB 0x000000008ec00000| Complete 
| 237|0x000000008ed00000, 0x000000008ee00000, 0x000000008ee00000|100%|HC|  |TAMS 0x000000008ed00000| PB 0x000000008ed00000| Complete 
| 238|0x000000008ee00000, 0x000000008ef00000, 0x000000008ef00000|100%|HC|  |TAMS 0x000000008ee00000| PB 0x000000008ee00000| Complete 
| 239|0x000000008ef00000, 0x000000008f000000, 0x000000008f000000|100%|HC|  |TAMS 0x000000008ef00000| PB 0x000000008ef00000| Complete 
| 240|0x000000008f000000, 0x000000008f100000, 0x000000008f100000|100%|HC|  |TAMS 0x000000008f000000| PB 0x000000008f000000| Complete 
| 241|0x000000008f100000, 0x000000008f200000, 0x000000008f200000|100%|HC|  |TAMS 0x000000008f100000| PB 0x000000008f100000| Complete 
| 242|0x000000008f200000, 0x000000008f300000, 0x000000008f300000|100%|HC|  |TAMS 0x000000008f200000| PB 0x000000008f200000| Complete 
| 243|0x000000008f300000, 0x000000008f400000, 0x000000008f400000|100%|HC|  |TAMS 0x000000008f300000| PB 0x000000008f300000| Complete 
| 244|0x000000008f400000, 0x000000008f500000, 0x000000008f500000|100%|HS|  |TAMS 0x000000008f400000| PB 0x000000008f400000| Complete 
| 245|0x000000008f500000, 0x000000008f600000, 0x000000008f600000|100%|HC|  |TAMS 0x000000008f500000| PB 0x000000008f500000| Complete 
| 246|0x000000008f600000, 0x000000008f700000, 0x000000008f700000|100%|HC|  |TAMS 0x000000008f600000| PB 0x000000008f600000| Complete 
| 247|0x000000008f700000, 0x000000008f800000, 0x000000008f800000|100%|HC|  |TAMS 0x000000008f700000| PB 0x000000008f700000| Complete 
| 248|0x000000008f800000, 0x000000008f900000, 0x000000008f900000|100%|HC|  |TAMS 0x000000008f800000| PB 0x000000008f800000| Complete 
| 249|0x000000008f900000, 0x000000008fa00000, 0x000000008fa00000|100%|HC|  |TAMS 0x000000008f900000| PB 0x000000008f900000| Complete 
| 250|0x000000008fa00000, 0x000000008fb00000, 0x000000008fb00000|100%|HC|  |TAMS 0x000000008fa00000| PB 0x000000008fa00000| Complete 
| 251|0x000000008fb00000, 0x000000008fc00000, 0x000000008fc00000|100%|HC|  |TAMS 0x000000008fb00000| PB 0x000000008fb00000| Complete 
| 252|0x000000008fc00000, 0x000000008fd00000, 0x000000008fd00000|100%|HC|  |TAMS 0x000000008fc00000| PB 0x000000008fc00000| Complete 
| 253|0x000000008fd00000, 0x000000008fe00000, 0x000000008fe00000|100%|HC|  |TAMS 0x000000008fd00000| PB 0x000000008fd00000| Complete 
| 254|0x000000008fe00000, 0x000000008ff00000, 0x000000008ff00000|100%|HS|  |TAMS 0x000000008fe00000| PB 0x000000008fe00000| Complete 
| 255|0x000000008ff00000, 0x0000000090000000, 0x0000000090000000|100%|HC|  |TAMS 0x000000008ff00000| PB 0x000000008ff00000| Complete 
| 256|0x0000000090000000, 0x0000000090100000, 0x0000000090100000|100%|HC|  |TAMS 0x0000000090000000| PB 0x0000000090000000| Complete 
| 257|0x0000000090100000, 0x0000000090200000, 0x0000000090200000|100%|HC|  |TAMS 0x0000000090100000| PB 0x0000000090100000| Complete 
| 258|0x0000000090200000, 0x0000000090300000, 0x0000000090300000|100%|HC|  |TAMS 0x0000000090200000| PB 0x0000000090200000| Complete 
| 259|0x0000000090300000, 0x0000000090400000, 0x0000000090400000|100%|HC|  |TAMS 0x0000000090300000| PB 0x0000000090300000| Complete 
| 260|0x0000000090400000, 0x0000000090500000, 0x0000000090500000|100%|HC|  |TAMS 0x0000000090400000| PB 0x0000000090400000| Complete 
| 261|0x0000000090500000, 0x0000000090600000, 0x0000000090600000|100%|HS|  |TAMS 0x0000000090500000| PB 0x0000000090500000| Complete 
| 262|0x0000000090600000, 0x0000000090700000, 0x0000000090700000|100%|HC|  |TAMS 0x0000000090600000| PB 0x0000000090600000| Complete 
| 263|0x0000000090700000, 0x0000000090800000, 0x0000000090800000|100%|HC|  |TAMS 0x0000000090700000| PB 0x0000000090700000| Complete 
| 264|0x0000000090800000, 0x0000000090900000, 0x0000000090900000|100%|HC|  |TAMS 0x0000000090800000| PB 0x0000000090800000| Complete 
| 265|0x0000000090900000, 0x0000000090a00000, 0x0000000090a00000|100%|HC|  |TAMS 0x0000000090900000| PB 0x0000000090900000| Complete 
| 266|0x0000000090a00000, 0x0000000090b00000, 0x0000000090b00000|100%|HC|  |TAMS 0x0000000090a00000| PB 0x0000000090a00000| Complete 
| 267|0x0000000090b00000, 0x0000000090c00000, 0x0000000090c00000|100%|HC|  |TAMS 0x0000000090b00000| PB 0x0000000090b00000| Complete 
| 268|0x0000000090c00000, 0x0000000090d00000, 0x0000000090d00000|100%|HC|  |TAMS 0x0000000090c00000| PB 0x0000000090c00000| Complete 
|2044|0x00000000ffc00000, 0x00000000ffd00000, 0x00000000ffd00000|100%| O|  |TAMS 0x00000000ffd00000| PB 0x00000000ffd00000| Updating 
|2045|0x00000000ffd00000, 0x00000000ffd00000, 0x00000000ffe00000|  0%| F|  |TAMS 0x00000000ffd00000| PB 0x00000000ffd00000| Untracked 
|2046|0x00000000ffe00000, 0x00000000ffecf348, 0x00000000fff00000| 80%| E|  |TAMS 0x00000000ffe00000| PB 0x00000000ffe00000| Complete 
|2047|0x00000000fff00000, 0x0000000100000000, 0x0000000100000000|100%| E|  |TAMS 0x00000000fff00000| PB 0x00000000fff00000| Complete 

Card table byte_map: [0x000001ab00730000,0x000001ab00b30000] _byte_map_base: 0x000001ab00330000

Marking Bits: (CMBitMap*) 0x000001ab6de95830
 Bits: [0x000001ab00b30000, 0x000001ab02b30000)

Polling page: 0x000001ab6bd20000

Metaspace:

Usage:
  Non-class:    118.12 MB used.
      Class:     17.51 MB used.
       Both:    135.63 MB used.

Virtual space:
  Non-class space:      128.00 MB reserved,     119.19 MB ( 93%) committed,  2 nodes.
      Class space:        1.00 GB reserved,      18.62 MB (  2%) committed,  1 nodes.
             Both:        1.12 GB reserved,     137.81 MB ( 12%) committed. 

Chunk freelists:
   Non-Class:  8.72 MB
       Class:  13.34 MB
        Both:  22.06 MB

MaxMetaspaceSize: unlimited
CompressedClassSpaceSize: 1.00 GB
Initial GC threshold: 21.00 MB
Current GC threshold: 208.56 MB
CDS: off
 - commit_granule_bytes: 65536.
 - commit_granule_words: 8192.
 - virtual_space_node_default_size: 8388608.
 - enlarge_chunks_in_place: 1.
 - use_allocation_guard: 0.


Internal statistics:

num_allocs_failed_limit: 9.
num_arena_births: 4214.
num_arena_deaths: 2.
num_vsnodes_births: 3.
num_vsnodes_deaths: 0.
num_space_committed: 2204.
num_space_uncommitted: 0.
num_chunks_returned_to_freelist: 12.
num_chunks_taken_from_freelist: 9915.
num_chunk_merges: 6.
num_chunk_splits: 6508.
num_chunks_enlarged: 4194.
num_inconsistent_stats: 0.

CodeHeap 'non-profiled nmethods': size=120000Kb used=10447Kb max_used=10727Kb free=109552Kb
 bounds [0x000001ab78a70000, 0x000001ab794f0000, 0x000001ab7ffa0000]
CodeHeap 'profiled nmethods': size=120000Kb used=25545Kb max_used=26426Kb free=94454Kb
 bounds [0x000001ab70fa0000, 0x000001ab72980000, 0x000001ab784d0000]
CodeHeap 'non-nmethods': size=5760Kb used=3025Kb max_used=3085Kb free=2734Kb
 bounds [0x000001ab784d0000, 0x000001ab787f0000, 0x000001ab78a70000]
 total_blobs=14905 nmethods=13802 adapters=1007
 compilation: enabled
              stopped_count=0, restarted_count=0
 full_count=0

Compilation events (20 events):
Event: 32.834 Thread 0x000001ab0a379210 16959       4       sun.nio.ch.Util::getTemporaryDirectBuffer (55 bytes)
Event: 32.835 Thread 0x000001ab0a377000 nmethod 16979 0x000001ab794e2190 code [0x000001ab794e2340, 0x000001ab794e2660]
Event: 32.835 Thread 0x000001ab0a377000 16957   !   4       sun.nio.ch.IOUtil::readIntoNativeBuffer (169 bytes)
Event: 32.840 Thread 0x000001ab0a377000 nmethod 16957 0x000001ab794e2990 code [0x000001ab794e2b80, 0x000001ab794e2fc0]
Event: 32.840 Thread 0x000001ab0a377000 16961       4       com.android.zipflinger.Location::size (12 bytes)
Event: 32.840 Thread 0x000001ab0a377000 nmethod 16961 0x000001ab794e3610 code [0x000001ab794e37a0, 0x000001ab794e3838]
Event: 32.845 Thread 0x000001ab057df2c0 16994       1       java.util.zip.Deflater$DeflaterZStreamRef::address (5 bytes)
Event: 32.845 Thread 0x000001ab057df2c0 nmethod 16994 0x000001ab794e3910 code [0x000001ab794e3aa0, 0x000001ab794e3b68]
Event: 32.853 Thread 0x000001ab0a379210 nmethod 16959 0x000001ab794e4090 code [0x000001ab794e4380, 0x000001ab794e5248]
Event: 32.853 Thread 0x000001ab057df2c0 16996   !   3       java.util.zip.Deflater::needsInput (55 bytes)
Event: 32.853 Thread 0x000001ab057df2c0 nmethod 16996 0x000001ab7296c810 code [0x000001ab7296c9c0, 0x000001ab7296cd60]
Event: 32.853 Thread 0x000001ab057df2c0 16997       3       java.util.zip.DeflaterOutputStream::deflate (36 bytes)
Event: 32.854 Thread 0x000001ab057df2c0 nmethod 16997 0x000001ab7296ce90 code [0x000001ab7296d060, 0x000001ab7296d2e8]
Event: 32.854 Thread 0x000001ab057df2c0 16998       3       java.util.zip.Deflater::deflate (9 bytes)
Event: 32.854 Thread 0x000001ab057df2c0 nmethod 16998 0x000001ab7296d410 code [0x000001ab7296d5c0, 0x000001ab7296d718]
Event: 32.860 Thread 0x000001ab057df2c0 16999   !   3       java.util.zip.Deflater::deflate (420 bytes)
Event: 32.861 Thread 0x000001ab057d8f70 nmethod 16956 0x000001ab794e5f10 code [0x000001ab794e6300, 0x000001ab794e8078]
Event: 32.862 Thread 0x000001ab057df2c0 nmethod 16999 0x000001ab7296d810 code [0x000001ab7296dc00, 0x000001ab7296f9b8]
Event: 32.862 Thread 0x000001ab057df2c0 17000       3       java.util.zip.Deflater::ensureOpen (47 bytes)
Event: 32.862 Thread 0x000001ab057df2c0 nmethod 17000 0x000001ab72970810 code [0x000001ab729709c0, 0x000001ab72970bf8]

GC Heap History (20 events):
Event: 24.727 GC heap before
{Heap before GC invocations=45 (full 0):
 garbage-first heap   total 198656K, used 180377K [0x0000000080000000, 0x0000000100000000)
  region size 1024K, 55 young (56320K), 5 survivors (5120K)
 Metaspace       used 120452K, committed 122560K, reserved 1179648K
  class space    used 16035K, committed 17088K, reserved 1048576K
}
Event: 24.732 GC heap after
{Heap after GC invocations=46 (full 0):
 garbage-first heap   total 198656K, used 133304K [0x0000000080000000, 0x0000000100000000)
  region size 1024K, 3 young (3072K), 3 survivors (3072K)
 Metaspace       used 120452K, committed 122560K, reserved 1179648K
  class space    used 16035K, committed 17088K, reserved 1048576K
}
Event: 25.309 GC heap before
{Heap before GC invocations=47 (full 0):
 garbage-first heap   total 224256K, used 181432K [0x0000000080000000, 0x0000000100000000)
  region size 1024K, 51 young (52224K), 3 survivors (3072K)
 Metaspace       used 121876K, committed 124032K, reserved 1179648K
  class space    used 16178K, committed 17280K, reserved 1048576K
}
Event: 25.314 GC heap after
{Heap after GC invocations=48 (full 0):
 garbage-first heap   total 224256K, used 135678K [0x0000000080000000, 0x0000000100000000)
  region size 1024K, 6 young (6144K), 6 survivors (6144K)
 Metaspace       used 121876K, committed 124032K, reserved 1179648K
  class space    used 16178K, committed 17280K, reserved 1048576K
}
Event: 25.980 GC heap before
{Heap before GC invocations=48 (full 0):
 garbage-first heap   total 224256K, used 203262K [0x0000000080000000, 0x0000000100000000)
  region size 1024K, 73 young (74752K), 6 survivors (6144K)
 Metaspace       used 123631K, committed 125824K, reserved 1179648K
  class space    used 16398K, committed 17472K, reserved 1048576K
}
Event: 25.987 GC heap after
{Heap after GC invocations=49 (full 0):
 garbage-first heap   total 224256K, used 137898K [0x0000000080000000, 0x0000000100000000)
  region size 1024K, 9 young (9216K), 9 survivors (9216K)
 Metaspace       used 123631K, committed 125824K, reserved 1179648K
  class space    used 16398K, committed 17472K, reserved 1048576K
}
Event: 26.743 GC heap before
{Heap before GC invocations=49 (full 0):
 garbage-first heap   total 224256K, used 201386K [0x0000000080000000, 0x0000000100000000)
  region size 1024K, 72 young (73728K), 9 survivors (9216K)
 Metaspace       used 123695K, committed 125888K, reserved 1179648K
  class space    used 16402K, committed 17472K, reserved 1048576K
}
Event: 26.750 GC heap after
{Heap after GC invocations=50 (full 0):
 garbage-first heap   total 224256K, used 140557K [0x0000000080000000, 0x0000000100000000)
  region size 1024K, 7 young (7168K), 7 survivors (7168K)
 Metaspace       used 123695K, committed 125888K, reserved 1179648K
  class space    used 16402K, committed 17472K, reserved 1048576K
}
Event: 27.328 GC heap before
{Heap before GC invocations=51 (full 0):
 garbage-first heap   total 235520K, used 203021K [0x0000000080000000, 0x0000000100000000)
  region size 1024K, 69 young (70656K), 7 survivors (7168K)
 Metaspace       used 123820K, committed 125952K, reserved 1179648K
  class space    used 16411K, committed 17472K, reserved 1048576K
}
Event: 27.335 GC heap after
{Heap after GC invocations=52 (full 0):
 garbage-first heap   total 235520K, used 144146K [0x0000000080000000, 0x0000000100000000)
  region size 1024K, 6 young (6144K), 6 survivors (6144K)
 Metaspace       used 123820K, committed 125952K, reserved 1179648K
  class space    used 16411K, committed 17472K, reserved 1048576K
}
Event: 30.011 GC heap before
{Heap before GC invocations=52 (full 0):
 garbage-first heap   total 235520K, used 215826K [0x0000000080000000, 0x0000000100000000)
  region size 1024K, 77 young (78848K), 6 survivors (6144K)
 Metaspace       used 125670K, committed 127872K, reserved 1179648K
  class space    used 16632K, committed 17728K, reserved 1048576K
}
Event: 30.020 GC heap after
{Heap after GC invocations=53 (full 0):
 garbage-first heap   total 235520K, used 150825K [0x0000000080000000, 0x0000000100000000)
  region size 1024K, 10 young (10240K), 10 survivors (10240K)
 Metaspace       used 125670K, committed 127872K, reserved 1179648K
  class space    used 16632K, committed 17728K, reserved 1048576K
}
Event: 30.757 GC heap before
{Heap before GC invocations=53 (full 0):
 garbage-first heap   total 235520K, used 211241K [0x0000000080000000, 0x0000000100000000)
  region size 1024K, 70 young (71680K), 10 survivors (10240K)
 Metaspace       used 125945K, committed 128128K, reserved 1179648K
  class space    used 16651K, committed 17728K, reserved 1048576K
}
Event: 30.764 GC heap after
{Heap after GC invocations=54 (full 0):
 garbage-first heap   total 235520K, used 153021K [0x0000000080000000, 0x0000000100000000)
  region size 1024K, 4 young (4096K), 4 survivors (4096K)
 Metaspace       used 125945K, committed 128128K, reserved 1179648K
  class space    used 16651K, committed 17728K, reserved 1048576K
}
Event: 31.501 GC heap before
{Heap before GC invocations=55 (full 0):
 garbage-first heap   total 258048K, used 221629K [0x0000000080000000, 0x0000000100000000)
  region size 1024K, 65 young (66560K), 4 survivors (4096K)
 Metaspace       used 127507K, committed 129728K, reserved 1179648K
  class space    used 16795K, committed 17856K, reserved 1048576K
}
Event: 31.506 GC heap after
{Heap after GC invocations=56 (full 0):
 garbage-first heap   total 258048K, used 164273K [0x0000000080000000, 0x0000000100000000)
  region size 1024K, 8 young (8192K), 8 survivors (8192K)
 Metaspace       used 127507K, committed 129728K, reserved 1179648K
  class space    used 16795K, committed 17856K, reserved 1048576K
}
Event: 31.963 GC heap before
{Heap before GC invocations=56 (full 0):
 garbage-first heap   total 258048K, used 234929K [0x0000000080000000, 0x0000000100000000)
  region size 1024K, 76 young (77824K), 8 survivors (8192K)
 Metaspace       used 132658K, committed 134848K, reserved 1179648K
  class space    used 17239K, committed 18304K, reserved 1048576K
}
Event: 31.970 GC heap after
{Heap after GC invocations=57 (full 0):
 garbage-first heap   total 258048K, used 167866K [0x0000000080000000, 0x0000000100000000)
  region size 1024K, 9 young (9216K), 9 survivors (9216K)
 Metaspace       used 132658K, committed 134848K, reserved 1179648K
  class space    used 17239K, committed 18304K, reserved 1048576K
}
Event: 32.785 GC heap before
{Heap before GC invocations=57 (full 0):
 garbage-first heap   total 258048K, used 202682K [0x0000000080000000, 0x0000000100000000)
  region size 1024K, 45 young (46080K), 9 survivors (9216K)
 Metaspace       used 138765K, committed 141056K, reserved 1179648K
  class space    used 17923K, committed 19072K, reserved 1048576K
}
Event: 32.791 GC heap after
{Heap after GC invocations=58 (full 0):
 garbage-first heap   total 258048K, used 169117K [0x0000000080000000, 0x0000000100000000)
  region size 1024K, 6 young (6144K), 6 survivors (6144K)
 Metaspace       used 138765K, committed 141056K, reserved 1179648K
  class space    used 17923K, committed 19072K, reserved 1048576K
}

Dll operation events (3 events):
Event: 0.017 Loaded shared library C:\Program Files\Android\Android Studio\jbr\bin\java.dll
Event: 0.024 Loaded shared library C:\Program Files\Android\Android Studio\jbr\bin\zip.dll
Event: 0.766 Loaded shared library C:\Program Files\Android\Android Studio\jbr\bin\verify.dll

Deoptimization events (20 events):
Event: 32.784 Thread 0x000001ab0f94e250 Uncommon trap: trap_request=0xffffff45 fr.pc=0x000001ab78e5a6f0 relative=0x0000000000000150
Event: 32.784 Thread 0x000001ab0f94e250 Uncommon trap: reason=unstable_if action=reinterpret pc=0x000001ab78e5a6f0 method=java.lang.CharacterDataLatin1.equalsIgnoreCase(BB)Z @ 24 c2
Event: 32.784 Thread 0x000001ab0f94e250 DEOPT PACKING pc=0x000001ab78e5a6f0 sp=0x00000093532feab0
Event: 32.784 Thread 0x000001ab0f94e250 DEOPT UNPACKING pc=0x000001ab785246a2 sp=0x00000093532fe9b8 mode 2
Event: 32.784 Thread 0x000001ab0f94e250 Uncommon trap: trap_request=0xffffff45 fr.pc=0x000001ab78e18310 relative=0x0000000000000070
Event: 32.784 Thread 0x000001ab0f94e250 Uncommon trap: reason=unstable_if action=reinterpret pc=0x000001ab78e18310 method=java.lang.CharacterDataLatin1.equalsIgnoreCase(BB)Z @ 24 c2
Event: 32.784 Thread 0x000001ab0f94e250 DEOPT PACKING pc=0x000001ab78e18310 sp=0x00000093532fea20
Event: 32.784 Thread 0x000001ab0f94e250 DEOPT UNPACKING pc=0x000001ab785246a2 sp=0x00000093532fe9b0 mode 2
Event: 32.806 Thread 0x000001ab05913480 Uncommon trap: trap_request=0xffffffde fr.pc=0x000001ab78b653e4 relative=0x0000000000000504
Event: 32.806 Thread 0x000001ab05913480 Uncommon trap: reason=class_check action=maybe_recompile pc=0x000001ab78b653e4 method=jdk.internal.ref.PhantomCleanable.clean()V @ 12 c2
Event: 32.806 Thread 0x000001ab05913480 DEOPT PACKING pc=0x000001ab78b653e4 sp=0x000000934a0ff350
Event: 32.806 Thread 0x000001ab05913480 DEOPT UNPACKING pc=0x000001ab785246a2 sp=0x000000934a0ff330 mode 2
Event: 32.806 Thread 0x000001ab05913480 Uncommon trap: trap_request=0xffffffde fr.pc=0x000001ab78b653e4 relative=0x0000000000000504
Event: 32.806 Thread 0x000001ab05913480 Uncommon trap: reason=class_check action=maybe_recompile pc=0x000001ab78b653e4 method=jdk.internal.ref.PhantomCleanable.clean()V @ 12 c2
Event: 32.806 Thread 0x000001ab05913480 DEOPT PACKING pc=0x000001ab78b653e4 sp=0x000000934a0ff350
Event: 32.806 Thread 0x000001ab05913480 DEOPT UNPACKING pc=0x000001ab785246a2 sp=0x000000934a0ff330 mode 2
Event: 32.806 Thread 0x000001ab05913480 Uncommon trap: trap_request=0xffffffde fr.pc=0x000001ab78b653e4 relative=0x0000000000000504
Event: 32.806 Thread 0x000001ab05913480 Uncommon trap: reason=class_check action=maybe_recompile pc=0x000001ab78b653e4 method=jdk.internal.ref.PhantomCleanable.clean()V @ 12 c2
Event: 32.806 Thread 0x000001ab05913480 DEOPT PACKING pc=0x000001ab78b653e4 sp=0x000000934a0ff350
Event: 32.806 Thread 0x000001ab05913480 DEOPT UNPACKING pc=0x000001ab785246a2 sp=0x000000934a0ff330 mode 2

Classes loaded (20 events):
Event: 32.620 Loading class java/lang/AbstractMethodError
Event: 32.620 Loading class java/lang/AbstractMethodError done
Event: 32.692 Loading class java/util/stream/ReferencePipeline$15
Event: 32.692 Loading class java/util/stream/ReferencePipeline$15 done
Event: 32.692 Loading class java/util/stream/ReferencePipeline$15$1
Event: 32.692 Loading class java/util/stream/ReferencePipeline$15$1 done
Event: 32.773 Loading class java/security/cert/CertificateEncodingException
Event: 32.773 Loading class java/security/cert/CertificateEncodingException done
Event: 32.781 Loading class java/util/concurrent/ForkJoinTask$AdaptedInterruptibleCallable
Event: 32.782 Loading class java/util/concurrent/ForkJoinTask$InterruptibleTask
Event: 32.782 Loading class java/util/concurrent/ForkJoinTask$InterruptibleTask done
Event: 32.782 Loading class java/util/concurrent/ForkJoinTask$AdaptedInterruptibleCallable done
Event: 32.782 Loading class java/util/concurrent/ForkJoinTask$Aux
Event: 32.782 Loading class java/util/concurrent/ForkJoinTask$Aux done
Event: 32.782 Loading class java/util/concurrent/ForkJoinPool$DefaultForkJoinWorkerThreadFactory$1
Event: 32.782 Loading class java/util/concurrent/ForkJoinPool$DefaultForkJoinWorkerThreadFactory$1 done
Event: 32.795 Loading class java/util/zip/Deflater
Event: 32.796 Loading class java/util/zip/Deflater done
Event: 32.797 Loading class java/util/zip/Deflater$DeflaterZStreamRef
Event: 32.797 Loading class java/util/zip/Deflater$DeflaterZStreamRef done

Classes unloaded (1 events):
Event: 26.890 Thread 0x000001ab055bb3d0 Unloading class 0x00000001010d4c00 'java/lang/invoke/LambdaForm$DMH+0x00000001010d4c00'

Classes redefined (0 events):
No events

Internal exceptions (20 events):
Event: 31.314 Thread 0x000001ab0dfa0800 Exception <a 'sun/nio/fs/WindowsException'{0x000000008d0f3088}> (0x000000008d0f3088) 
thrown [s\src\hotspot\share\prims\jni.cpp, line 535]
Event: 31.315 Thread 0x000001ab0dfa0800 Implicit null exception at 0x000001ab79346e4d to 0x000001ab79346f95
Event: 31.348 Thread 0x000001ab0dfa0800 Exception <a 'sun/nio/fs/WindowsException'{0x000000008cd80c98}> (0x000000008cd80c98) 
thrown [s\src\hotspot\share\prims\jni.cpp, line 535]
Event: 31.349 Thread 0x000001ab0dfa0800 Exception <a 'sun/nio/fs/WindowsException'{0x000000008cd82330}> (0x000000008cd82330) 
thrown [s\src\hotspot\share\prims\jni.cpp, line 535]
Event: 31.349 Thread 0x000001ab0dfa0800 Exception <a 'sun/nio/fs/WindowsException'{0x000000008cd83c58}> (0x000000008cd83c58) 
thrown [s\src\hotspot\share\prims\jni.cpp, line 535]
Event: 31.350 Thread 0x000001ab0dfa0800 Exception <a 'sun/nio/fs/WindowsException'{0x000000008cd87100}> (0x000000008cd87100) 
thrown [s\src\hotspot\share\prims\jni.cpp, line 535]
Event: 31.396 Thread 0x000001ab0fb60cc0 Exception <a 'java/lang/NoSuchMethodError'{0x000000008c879348}: 'java.lang.ClassLoader java.lang.ClassLoader.getPlatformClassLoader(java.lang.Class)'> (0x000000008c879348) 
thrown [s\src\hotspot\share\interpreter\linkResolver.cpp, line 784]
Event: 31.897 Thread 0x000001ab0df9fae0 Exception <a 'sun/nio/fs/WindowsException'{0x000000008b598258}> (0x000000008b598258) 
thrown [s\src\hotspot\share\prims\jni.cpp, line 535]
Event: 31.899 Thread 0x000001ab0df9fae0 Exception <a 'sun/nio/fs/WindowsException'{0x000000008b599730}> (0x000000008b599730) 
thrown [s\src\hotspot\share\prims\jni.cpp, line 535]
Event: 32.122 Thread 0x000001ab0fb60cc0 Exception <a 'java/lang/NoSuchMethodError'{0x000000008f1aeb18}: 'java.lang.Object java.lang.invoke.DirectMethodHandle$Holder.invokeStaticInit(java.lang.Object, int)'> (0x000000008f1aeb18) 
thrown [s\src\hotspot\share\interpreter\linkResolver.cpp, line 784]
Event: 32.399 Thread 0x000001ab0dfa4310 Exception <a 'sun/nio/fs/WindowsException'{0x000000008e793df0}> (0x000000008e793df0) 
thrown [s\src\hotspot\share\prims\jni.cpp, line 535]
Event: 32.399 Thread 0x000001ab0dfa4310 Exception <a 'sun/nio/fs/WindowsException'{0x000000008e794ca0}> (0x000000008e794ca0) 
thrown [s\src\hotspot\share\prims\jni.cpp, line 535]
Event: 32.399 Thread 0x000001ab0dfa4310 Exception <a 'sun/nio/fs/WindowsException'{0x000000008e794df0}> (0x000000008e794df0) 
thrown [s\src\hotspot\share\prims\jni.cpp, line 535]
Event: 32.566 Thread 0x000001ab0f954b50 Exception <a 'java/lang/NoSuchMethodError'{0x000000008de73a38}: 'java.lang.Object java.lang.invoke.DirectMethodHandle$Holder.newInvokeSpecial(java.lang.Object, java.lang.Object, java.lang.Object, java.lang.Object, java.lang.Object, int, java.lang.Object)'> (0x000000008de73a38) 
thrown [s\src\hotspot\share\interpreter\linkResolver.cpp, line 784]
Event: 32.566 Thread 0x000001ab0f954b50 Exception <a 'java/lang/NoSuchMethodError'{0x000000008de7b7f0}: 'java.lang.Object java.lang.invoke.Invokers$Holder.linkToTargetMethod(java.lang.Object, java.lang.Object, java.lang.Object, java.lang.Object, int, java.lang.Object, java.lang.Object)'> (0x000000008de7b7f0) 
thrown [s\src\hotspot\share\interpreter\linkResolver.cpp, line 784]
Event: 32.576 Thread 0x000001ab0f954b50 Implicit null exception at 0x000001ab794c4f27 to 0x000001ab794c50c4
Event: 32.589 Thread 0x000001ab0f954b50 Exception <a 'java/lang/NoSuchMethodError'{0x000000008dd49700}: 'java.lang.Object java.lang.invoke.DirectMethodHandle$Holder.newInvokeSpecial(java.lang.Object, java.lang.Object, java.lang.Object, java.lang.Object, java.lang.Object, java.lang.Object, java.lang.Object, int)'> (0x000000008dd49700) 
thrown [s\src\hotspot\share\interpreter\linkResolver.cpp, line 784]
Event: 32.589 Thread 0x000001ab0f954b50 Exception <a 'java/lang/NoSuchMethodError'{0x000000008dd4e130}: 'java.lang.Object java.lang.invoke.DirectMethodHandle$Holder.invokeSpecial(java.lang.Object, java.lang.Object, java.lang.Object, java.lang.Object, java.lang.Object, java.lang.Object, java.lang.Object, java.lang.Object, int)'> (0x000000008dd4e130) 
thrown [s\src\hotspot\share\interpreter\linkResolver.cpp, line 784]
Event: 32.590 Thread 0x000001ab0f954b50 Exception <a 'java/lang/NoSuchMethodError'{0x000000008dd527f8}: 'java.lang.Object java.lang.invoke.Invokers$Holder.linkToTargetMethod(java.lang.Object, java.lang.Object, java.lang.Object, java.lang.Object, java.lang.Object, java.lang.Object, int, java.lang.Object)'> (0x000000008dd527f8) 
thrown [s\src\hotspot\share\interpreter\linkResolver.cpp, line 784]
Event: 32.756 Thread 0x000001ab0f954b50 Exception <a 'sun/nio/fs/WindowsException'{0x000000008d9feb08}> (0x000000008d9feb08) 
thrown [s\src\hotspot\share\prims\jni.cpp, line 535]

ZGC Phase Switch (0 events):
No events

VM Operations (20 events):
Event: 30.307 Executing VM operation: ICBufferFull done
Event: 30.757 Executing VM operation: G1CollectForAllocation (G1 Evacuation Pause)
Event: 30.764 Executing VM operation: G1CollectForAllocation (G1 Evacuation Pause) done
Event: 30.920 Executing VM operation: G1PauseRemark
Event: 30.925 Executing VM operation: G1PauseRemark done
Event: 31.005 Executing VM operation: G1PauseCleanup
Event: 31.005 Executing VM operation: G1PauseCleanup done
Event: 31.500 Executing VM operation: G1CollectForAllocation (G1 Evacuation Pause)
Event: 31.506 Executing VM operation: G1CollectForAllocation (G1 Evacuation Pause) done
Event: 31.963 Executing VM operation: G1CollectForAllocation (G1 Evacuation Pause)
Event: 31.970 Executing VM operation: G1CollectForAllocation (G1 Evacuation Pause) done
Event: 32.298 Executing VM operation: HandshakeAllThreads (Deoptimize)
Event: 32.299 Executing VM operation: HandshakeAllThreads (Deoptimize) done
Event: 32.314 Executing VM operation: HandshakeAllThreads (Deoptimize)
Event: 32.314 Executing VM operation: HandshakeAllThreads (Deoptimize) done
Event: 32.643 Executing VM operation: HandshakeAllThreads (Deoptimize)
Event: 32.643 Executing VM operation: HandshakeAllThreads (Deoptimize) done
Event: 32.784 Executing VM operation: G1TryInitiateConcMark (G1 Humongous Allocation)
Event: 32.791 Executing VM operation: G1TryInitiateConcMark (G1 Humongous Allocation) done
Event: 32.957 Executing VM operation: G1PauseRemark

Memory protections (0 events):
No events

Nmethod flushes (20 events):
Event: 32.962 Thread 0x000001ab055bb3d0 flushing  nmethod 0x000001ab71ddd490
Event: 32.962 Thread 0x000001ab055bb3d0 flushing  nmethod 0x000001ab71de2010
Event: 32.962 Thread 0x000001ab055bb3d0 flushing  nmethod 0x000001ab71ebe990
Event: 32.962 Thread 0x000001ab055bb3d0 flushing  nmethod 0x000001ab71f8d090
Event: 32.962 Thread 0x000001ab055bb3d0 flushing  nmethod 0x000001ab71fcde10
Event: 32.962 Thread 0x000001ab055bb3d0 flushing  nmethod 0x000001ab72160790
Event: 32.962 Thread 0x000001ab055bb3d0 flushing  nmethod 0x000001ab721b5190
Event: 32.962 Thread 0x000001ab055bb3d0 flushing  nmethod 0x000001ab7224a310
Event: 32.962 Thread 0x000001ab055bb3d0 flushing  nmethod 0x000001ab723a3610
Event: 32.962 Thread 0x000001ab055bb3d0 flushing  nmethod 0x000001ab723d5e10
Event: 32.962 Thread 0x000001ab055bb3d0 flushing  nmethod 0x000001ab72430b10
Event: 32.962 Thread 0x000001ab055bb3d0 flushing  nmethod 0x000001ab72474410
Event: 32.962 Thread 0x000001ab055bb3d0 flushing  nmethod 0x000001ab72475a90
Event: 32.962 Thread 0x000001ab055bb3d0 flushing  nmethod 0x000001ab724ae610
Event: 32.962 Thread 0x000001ab055bb3d0 flushing  nmethod 0x000001ab7262dc10
Event: 32.962 Thread 0x000001ab055bb3d0 flushing  nmethod 0x000001ab7262e710
Event: 32.962 Thread 0x000001ab055bb3d0 flushing  nmethod 0x000001ab7262ee10
Event: 32.962 Thread 0x000001ab055bb3d0 flushing  nmethod 0x000001ab727be910
Event: 32.962 Thread 0x000001ab055bb3d0 flushing  nmethod 0x000001ab727bf810
Event: 32.962 Thread 0x000001ab055bb3d0 flushing  nmethod 0x000001ab727bfc10

Events (20 events):
Event: 31.954 Thread 0x000001ab15dab770 Thread added: 0x000001ab0f94e250
Event: 31.954 Thread 0x000001ab15dab770 Thread added: 0x000001ab0f9537a0
Event: 32.101 Thread 0x000001ab0bab85b0 Thread exited: 0x000001ab0bab85b0
Event: 32.167 Thread 0x000001ab0baba7c0 Thread exited: 0x000001ab0baba7c0
Event: 32.271 Thread 0x000001ab0f94e250 Thread exited: 0x000001ab0f94e250
Event: 32.272 Thread 0x000001ab0f9537a0 Thread exited: 0x000001ab0f9537a0
Event: 32.439 Thread 0x000001ab057d8f70 Thread added: 0x000001ab0a377000
Event: 32.441 Thread 0x000001ab0dfa4310 Thread added: 0x000001ab0f94ef70
Event: 32.561 Thread 0x000001ab057df2c0 Thread added: 0x000001ab0a3776d0
Event: 32.782 Thread 0x000001ab0f954b50 Thread added: 0x000001ab0f9523f0
Event: 32.783 Thread 0x000001ab0f9523f0 Thread added: 0x000001ab0f9551e0
Event: 32.783 Thread 0x000001ab0a3776d0 Thread exited: 0x000001ab0a3776d0
Event: 32.783 Thread 0x000001ab0a377000 Thread exited: 0x000001ab0a377000
Event: 32.783 Thread 0x000001ab0f9551e0 Thread added: 0x000001ab0f952a80
Event: 32.783 Thread 0x000001ab0f952a80 Thread added: 0x000001ab0f951040
Event: 32.783 Thread 0x000001ab0f951040 Thread added: 0x000001ab0f94f600
Event: 32.784 Thread 0x000001ab0f94f600 Thread added: 0x000001ab0f9516d0
Event: 32.784 Thread 0x000001ab0f9516d0 Thread added: 0x000001ab0f94e250
Event: 32.821 Thread 0x000001ab057df2c0 Thread added: 0x000001ab0a379210
Event: 32.825 Thread 0x000001ab057df2c0 Thread added: 0x000001ab0a377000


Dynamic libraries:
0x00007ff79f2b0000 - 0x00007ff79f2ba000 	C:\Program Files\Android\Android Studio\jbr\bin\java.exe
0x00007fff9f150000 - 0x00007fff9f348000 	C:\WINDOWS\SYSTEM32\ntdll.dll
0x00007fff9d460000 - 0x00007fff9d522000 	C:\WINDOWS\System32\KERNEL32.DLL
0x00007fff9cba0000 - 0x00007fff9ce96000 	C:\WINDOWS\System32\KERNELBASE.dll
0x00007fff9cf70000 - 0x00007fff9d070000 	C:\WINDOWS\System32\ucrtbase.dll
0x00007fff76110000 - 0x00007fff7612b000 	C:\Program Files\Android\Android Studio\jbr\bin\VCRUNTIME140.dll
0x00007fff6d050000 - 0x00007fff6d068000 	C:\Program Files\Android\Android Studio\jbr\bin\jli.dll
0x00007fff9d200000 - 0x00007fff9d3a1000 	C:\WINDOWS\System32\USER32.dll
0x00007fff9d110000 - 0x00007fff9d132000 	C:\WINDOWS\System32\win32u.dll
0x00007fff8eb10000 - 0x00007fff8edab000 	C:\WINDOWS\WinSxS\amd64_microsoft.windows.common-controls_6595b64144ccf1df_6.0.19041.6456_none_60b8a6cb71f64256\COMCTL32.dll
0x00007fff9dd60000 - 0x00007fff9dd8b000 	C:\WINDOWS\System32\GDI32.dll
0x00007fff9e960000 - 0x00007fff9e9fe000 	C:\WINDOWS\System32\msvcrt.dll
0x00007fff9c920000 - 0x00007fff9ca39000 	C:\WINDOWS\System32\gdi32full.dll
0x00007fff9d070000 - 0x00007fff9d10d000 	C:\WINDOWS\System32\msvcp_win.dll
0x00007fff9d170000 - 0x00007fff9d19f000 	C:\WINDOWS\System32\IMM32.DLL
0x00007fff86bd0000 - 0x00007fff86bdc000 	C:\Program Files\Android\Android Studio\jbr\bin\vcruntime140_1.dll
0x00007fff6b150000 - 0x00007fff6b1dd000 	C:\Program Files\Android\Android Studio\jbr\bin\msvcp140.dll
0x00007fff2f2a0000 - 0x00007fff2ff2b000 	C:\Program Files\Android\Android Studio\jbr\bin\server\jvm.dll
0x00007fff9dca0000 - 0x00007fff9dd51000 	C:\WINDOWS\System32\ADVAPI32.dll
0x00007fff9ef30000 - 0x00007fff9efcf000 	C:\WINDOWS\System32\sechost.dll
0x00007fff9e1e0000 - 0x00007fff9e300000 	C:\WINDOWS\System32\RPCRT4.dll
0x00007fff9d140000 - 0x00007fff9d167000 	C:\WINDOWS\System32\bcrypt.dll
0x00007fff9e0e0000 - 0x00007fff9e14b000 	C:\WINDOWS\System32\WS2_32.dll
0x00007fff9c640000 - 0x00007fff9c68b000 	C:\WINDOWS\SYSTEM32\POWRPROF.dll
0x00007fff89db0000 - 0x00007fff89dd7000 	C:\WINDOWS\SYSTEM32\WINMM.dll
0x00007fff9a710000 - 0x00007fff9a71a000 	C:\WINDOWS\SYSTEM32\VERSION.dll
0x00007fff9c620000 - 0x00007fff9c632000 	C:\WINDOWS\SYSTEM32\UMPDC.dll
0x00007fff9afd0000 - 0x00007fff9afe2000 	C:\WINDOWS\SYSTEM32\kernel.appcore.dll
0x00007fff7dcc0000 - 0x00007fff7dcca000 	C:\Program Files\Android\Android Studio\jbr\bin\jimage.dll
0x00007fff89a20000 - 0x00007fff89c21000 	C:\WINDOWS\SYSTEM32\DBGHELP.DLL
0x00007fff7ba80000 - 0x00007fff7bab4000 	C:\WINDOWS\SYSTEM32\dbgcore.DLL
0x00007fff9c7e0000 - 0x00007fff9c862000 	C:\WINDOWS\System32\bcryptPrimitives.dll
0x00007fff788c0000 - 0x00007fff788ce000 	C:\Program Files\Android\Android Studio\jbr\bin\instrument.dll
0x00007fff74df0000 - 0x00007fff74e10000 	C:\Program Files\Android\Android Studio\jbr\bin\java.dll
0x00007fff6e840000 - 0x00007fff6e858000 	C:\Program Files\Android\Android Studio\jbr\bin\zip.dll
0x00007fff9d530000 - 0x00007fff9dca0000 	C:\WINDOWS\System32\SHELL32.dll
0x00007fff9a810000 - 0x00007fff9afb5000 	C:\WINDOWS\SYSTEM32\windows.storage.dll
0x00007fff9ea00000 - 0x00007fff9ed54000 	C:\WINDOWS\System32\combase.dll
0x00007fff9c050000 - 0x00007fff9c07b000 	C:\WINDOWS\SYSTEM32\Wldp.dll
0x00007fff9ed80000 - 0x00007fff9ee4d000 	C:\WINDOWS\System32\OLEAUT32.dll
0x00007fff9e030000 - 0x00007fff9e0dd000 	C:\WINDOWS\System32\SHCORE.dll
0x00007fff9df50000 - 0x00007fff9dfab000 	C:\WINDOWS\System32\shlwapi.dll
0x00007fff9c710000 - 0x00007fff9c734000 	C:\WINDOWS\SYSTEM32\profapi.dll
0x00007fff7c950000 - 0x00007fff7c960000 	C:\Program Files\Android\Android Studio\jbr\bin\net.dll
0x00007fff966f0000 - 0x00007fff967fa000 	C:\WINDOWS\SYSTEM32\WINHTTP.dll
0x00007fff9be30000 - 0x00007fff9be9a000 	C:\WINDOWS\system32\mswsock.dll
0x00007fff6d340000 - 0x00007fff6d356000 	C:\Program Files\Android\Android Studio\jbr\bin\nio.dll
0x00007fff79380000 - 0x00007fff79390000 	C:\Program Files\Android\Android Studio\jbr\bin\verify.dll
0x00007fff6ff60000 - 0x00007fff6ff87000 	C:\Users\hlamu\.gradle\native\c067742578af261105cb4f569cf0c3c89f3d7b1fecec35dd04571415982c5e48\windows-amd64\native-platform.dll
0x00007fff5dee0000 - 0x00007fff5e024000 	C:\Users\hlamu\.gradle\native\38dada09dfb8b06ba9b0570ebf7e218e3eb74d4ef43ca46872605cf95ebc2f47\windows-amd64\native-platform-file-events.dll
0x00007fff7b3c0000 - 0x00007fff7b3c9000 	C:\Program Files\Android\Android Studio\jbr\bin\management.dll
0x00007fff7b2f0000 - 0x00007fff7b2fb000 	C:\Program Files\Android\Android Studio\jbr\bin\management_ext.dll
0x00007fff9f100000 - 0x00007fff9f108000 	C:\WINDOWS\System32\PSAPI.DLL
0x00007fff9c090000 - 0x00007fff9c0a8000 	C:\WINDOWS\SYSTEM32\CRYPTSP.dll
0x00007fff9b770000 - 0x00007fff9b7a8000 	C:\WINDOWS\system32\rsaenh.dll
0x00007fff9c690000 - 0x00007fff9c6be000 	C:\WINDOWS\SYSTEM32\USERENV.dll
0x00007fff9bfc0000 - 0x00007fff9bfcc000 	C:\WINDOWS\SYSTEM32\CRYPTBASE.dll
0x00007fff9bb30000 - 0x00007fff9bb6b000 	C:\WINDOWS\SYSTEM32\IPHLPAPI.DLL
0x00007fff9e360000 - 0x00007fff9e368000 	C:\WINDOWS\System32\NSI.dll
0x00007fff7b8f0000 - 0x00007fff7b8f9000 	C:\Program Files\Android\Android Studio\jbr\bin\extnet.dll
0x00007fff41b80000 - 0x00007fff41b87000 	C:\WINDOWS\system32\wshunix.dll
0x00007fff9bb70000 - 0x00007fff9bc3a000 	C:\WINDOWS\SYSTEM32\DNSAPI.dll
0x0000000067530000 - 0x0000000067556000 	C:\Program Files\Bonjour\mdnsNSP.dll
0x00007fff90cb0000 - 0x00007fff90cba000 	C:\Windows\System32\rasadhlp.dll
0x00007fff961a0000 - 0x00007fff96220000 	C:\WINDOWS\System32\fwpuclnt.dll
0x00007fff852d0000 - 0x00007fff852e7000 	C:\WINDOWS\system32\napinsp.dll
0x00007fff851f0000 - 0x00007fff8520b000 	C:\WINDOWS\system32\pnrpnsp.dll
0x00007fff99410000 - 0x00007fff9942d000 	C:\WINDOWS\system32\NLAapi.dll
0x00007fff85140000 - 0x00007fff85152000 	C:\WINDOWS\System32\winrnr.dll
0x00007fff85060000 - 0x00007fff8507d000 	C:\WINDOWS\system32\wshbth.dll

dbghelp: loaded successfully - version: 4.0.5 - missing functions: none
symbol engine: initialized successfully - sym options: 0x614 - pdb path: .;C:\Program Files\Android\Android Studio\jbr\bin;C:\WINDOWS\SYSTEM32;C:\WINDOWS\WinSxS\amd64_microsoft.windows.common-controls_6595b64144ccf1df_6.0.19041.6456_none_60b8a6cb71f64256;C:\Program Files\Android\Android Studio\jbr\bin\server;C:\Users\hlamu\.gradle\native\c067742578af261105cb4f569cf0c3c89f3d7b1fecec35dd04571415982c5e48\windows-amd64;C:\Users\hlamu\.gradle\native\38dada09dfb8b06ba9b0570ebf7e218e3eb74d4ef43ca46872605cf95ebc2f47\windows-amd64;C:\Program Files\Bonjour

VM Arguments:
jvm_args: --add-opens=java.base/java.util=ALL-UNNAMED --add-opens=java.base/java.lang=ALL-UNNAMED --add-opens=java.base/java.lang.invoke=ALL-UNNAMED --add-opens=java.prefs/java.util.prefs=ALL-UNNAMED --add-opens=java.base/java.nio.charset=ALL-UNNAMED --add-opens=java.base/java.net=ALL-UNNAMED --add-opens=java.base/java.util.concurrent.atomic=ALL-UNNAMED -Xmx2048m -Dfile.encoding=UTF-8 -Duser.country=ZA -Duser.language=en -Duser.variant -javaagent:C:\Users\hlamu\.gradle\wrapper\dists\gradle-8.7-bin\bhs2wmbdwecv87pi65oeuq5iu\gradle-8.7\lib\agents\gradle-instrumentation-agent-8.7.jar 
java_command: org.gradle.launcher.daemon.bootstrap.GradleDaemon 8.7
java_class_path (initial): C:\Users\hlamu\.gradle\wrapper\dists\gradle-8.7-bin\bhs2wmbdwecv87pi65oeuq5iu\gradle-8.7\lib\gradle-launcher-8.7.jar
Launcher Type: SUN_STANDARD

[Global flags]
     intx CICompilerCount                          = 4                                         {product} {ergonomic}
     uint ConcGCThreads                            = 2                                         {product} {ergonomic}
     uint G1ConcRefinementThreads                  = 8                                         {product} {ergonomic}
   size_t G1HeapRegionSize                         = 1048576                                   {product} {ergonomic}
    uintx GCDrainStackTargetSize                   = 64                                        {product} {ergonomic}
   size_t InitialHeapSize                          = 266338304                                 {product} {ergonomic}
   size_t MarkStackSize                            = 4194304                                   {product} {ergonomic}
   size_t MaxHeapSize                              = 2147483648                                {product} {command line}
   size_t MaxNewSize                               = 1287651328                                {product} {ergonomic}
   size_t MinHeapDeltaBytes                        = 1048576                                   {product} {ergonomic}
   size_t MinHeapSize                              = 8388608                                   {product} {ergonomic}
    uintx NonNMethodCodeHeapSize                   = 5839372                                {pd product} {ergonomic}
    uintx NonProfiledCodeHeapSize                  = 122909434                              {pd product} {ergonomic}
    uintx ProfiledCodeHeapSize                     = 122909434                              {pd product} {ergonomic}
    uintx ReservedCodeCacheSize                    = 251658240                              {pd product} {ergonomic}
     bool SegmentedCodeCache                       = true                                      {product} {ergonomic}
   size_t SoftMaxHeapSize                          = 2147483648                             {manageable} {ergonomic}
     bool UseCompressedOops                        = true                           {product lp64_product} {ergonomic}
     bool UseG1GC                                  = true                                      {product} {ergonomic}
     bool UseLargePagesIndividualAllocation        = false                                  {pd product} {ergonomic}

Logging:
Log output configuration:
 #0: stdout all=warning uptime,level,tags foldmultilines=false
 #1: stderr all=off uptime,level,tags foldmultilines=false

Environment Variables:
JAVA_HOME=C:\Program Files\Microsoft\jdk-17.0.11.9-hotspot\
PATH=C:\Python312\Scripts\;C:\Python312\;C:\Program Files\Microsoft\jdk-17.0.11.9-hotspot\bin;C:\Program Files\Common Files\Oracle\Java\javapath;C:\WINDOWS\system32;C:\WINDOWS;C:\WINDOWS\System32\Wbem;C:\WINDOWS\System32\WindowsPowerShell\v1.0\;C:\WINDOWS\System32\OpenSSH\;C:\ProgramData\chocolatey\bin;C:\Program Files\Git\cmd;C:\Program Files\Git\mingw64\bin;C:\Program Files\Git\usr\bin;C:\Program Files\nodejs\;C:\Program Files\dotnet\;C:\Program Files\Microsoft SQL Server\150\Tools\Binn\;C:\Program Files\Microsoft SQL Server\Client SDK\ODBC\170\Tools\Binn\;C:\Program Files\cursor\resources\app\bin;C:\Program Files\GitHub CLI\;C:\Users\hlamu\AppData\Local\Microsoft\WindowsApps;C:\Users\hlamu\AppData\Local\Programs\Microsoft VS Code\bin;C:\Users\hlamu\AppData\Local\Android\Sdk\platform-tools;C:\Users\hlamu\AppData\Local\GitHubDesktop\bin;C:\ProgramData\hlamu\GitHubDesktop\bin;C:\Users\hlamu\AppData\Roaming\npm;C:\Users\hlamu\.dotnet\tools;C:\Users\hlamu\AppData\Local\Programs\cursor\resources\app\bin
USERNAME=hlamu
OS=Windows_NT
PROCESSOR_IDENTIFIER=Intel64 Family 6 Model 158 Stepping 9, GenuineIntel
TMP=C:\Users\hlamu\AppData\Local\Temp
TEMP=C:\Users\hlamu\AppData\Local\Temp




Periodic native trim disabled

JNI global refs:
JNI global refs: 28, weak refs: 0

JNI global refs memory usage: 835, weak refs: 833

Process memory usage:
Resident Set Size: 735592K (4% of 16637136K total physical memory with 1881312K free physical memory)

OOME stack traces (most recent first):
Classloader memory used:
Loader org.gradle.internal.classloader.VisitableURLClassLoader                         : 40383K
Loader org.gradle.internal.classloader.VisitableURLClassLoader$InstrumentingVisitableURLClassLoader: 40049K
Loader bootstrap                                                                       : 34036K
Loader org.gradle.initialization.MixInLegacyTypesClassLoader                           : 12530K
Loader java.net.URLClassLoader                                                         : 10078K
Loader jdk.internal.loader.ClassLoaders$PlatformClassLoader                            : 819K
Loader jdk.internal.reflect.DelegatingClassLoader                                      : 415K
Loader org.gradle.groovy.scripts.internal.DefaultScriptCompilationHandler$ScriptClassLoader: 285K
Loader jdk.internal.loader.ClassLoaders$AppClassLoader                                 : 230K
Loader org.codehaus.groovy.runtime.callsite.CallSiteClassLoader                        : 53720B
Loader sun.reflect.misc.MethodUtil                                                     : 2952B

Classes loaded by more than one classloader:
Class com.google.common.base.Splitter$Strategy                                        : loaded 3 times (x 66B)
Class com.google.common.collect.ImmutableSet$SetBuilderImpl                           : loaded 3 times (x 72B)
Class com.google.common.collect.ImmutableList                                         : loaded 3 times (x 202B)
Class com.google.common.base.CharMatcher$InRange                                      : loaded 3 times (x 107B)
Class com.google.common.collect.Maps$BiMapConverter                                   : loaded 3 times (x 86B)
Class com.google.common.base.CharMatcher$NamedFastMatcher                             : loaded 3 times (x 108B)
Class com.google.common.base.CharMatcher$1                                            : loaded 3 times (x 109B)
Class com.google.common.base.CharMatcher                                              : loaded 3 times (x 107B)
Class com.google.common.base.Preconditions                                            : loaded 3 times (x 67B)
Class com.google.common.collect.Hashing                                               : loaded 3 times (x 67B)
Class com.google.common.base.CharMatcher$Is                                           : loaded 3 times (x 107B)
Class com.google.common.base.CharMatcher$Negated                                      : loaded 3 times (x 109B)
Class com.google.common.base.CharMatcher$SingleWidth                                  : loaded 3 times (x 108B)
Class com.google.common.collect.ImmutableSet$RegularSetBuilderImpl                    : loaded 3 times (x 73B)
Class com.google.common.base.CharMatcher$Whitespace                                   : loaded 3 times (x 108B)
Class com.google.common.base.Splitter$1$1                                             : loaded 3 times (x 82B)
Class [Lcom.google.common.base.AbstractIterator$State;                                : loaded 3 times (x 65B)
Class com.google.common.base.CharMatcher$IsEither                                     : loaded 3 times (x 107B)
Class com.google.common.collect.SortedMapDifference                                   : loaded 3 times (x 66B)
Class com.google.common.base.CharMatcher$JavaLowerCase                                : loaded 3 times (x 107B)
Class com.google.common.base.CharMatcher$JavaIsoControl                               : loaded 3 times (x 108B)
Class com.google.common.collect.CollectPreconditions                                  : loaded 3 times (x 67B)
Class com.google.common.base.CharMatcher$Digit                                        : loaded 3 times (x 108B)
Class com.google.common.base.AbstractIterator$1                                       : loaded 3 times (x 67B)
Class com.google.common.base.CharMatcher$NegatedFastMatcher                           : loaded 3 times (x 109B)
Class com.google.common.collect.ImmutableEnumSet                                      : loaded 3 times (x 142B)
Class com.google.common.collect.ImmutableMap                                          : loaded 3 times (x 116B)
Class com.google.common.base.Predicate                                                : loaded 3 times (x 66B)
Class com.google.common.collect.Sets                                                  : loaded 3 times (x 67B)
Class com.google.common.base.CharMatcher$FastMatcher                                  : loaded 3 times (x 107B)
Class com.google.common.base.CharMatcher$Or                                           : loaded 3 times (x 108B)
Class com.google.common.io.Closer$Suppressor                                          : loaded 3 times (x 66B)
Class com.google.common.collect.ImmutableSet                                          : loaded 3 times (x 141B)
Class com.google.common.base.CharMatcher$Ascii                                        : loaded 3 times (x 108B)
Class com.google.common.base.CharMatcher$BitSetMatcher                                : loaded 3 times (x 108B)
Class com.google.common.io.Closer                                                     : loaded 3 times (x 74B)
Class com.google.common.base.AbstractIterator                                         : loaded 3 times (x 76B)
Class com.google.common.math.IntMath$1                                                : loaded 3 times (x 67B)
Class com.google.common.collect.Sets$SetView                                          : loaded 3 times (x 134B)
Class com.google.common.base.CharMatcher$Invisible                                    : loaded 3 times (x 108B)
Class com.google.common.collect.Maps$8                                                : loaded 3 times (x 78B)
Class com.google.common.primitives.Ints$IntConverter                                  : loaded 3 times (x 86B)
Class com.google.common.collect.Maps                                                  : loaded 3 times (x 67B)
Class com.google.common.base.CharMatcher$JavaUpperCase                                : loaded 3 times (x 107B)
Class com.google.common.base.Charsets                                                 : loaded 3 times (x 67B)
Class com.google.common.base.Function                                                 : loaded 3 times (x 66B)
Class com.google.common.base.CharMatcher$JavaDigit                                    : loaded 3 times (x 107B)
Class com.google.common.math.IntMath                                                  : loaded 3 times (x 67B)
Class com.google.common.base.CommonPattern                                            : loaded 3 times (x 70B)
Class com.google.common.base.CharMatcher$IsNot                                        : loaded 3 times (x 107B)
Class com.google.common.base.CharMatcher$JavaLetter                                   : loaded 3 times (x 107B)
Class com.google.common.collect.Maps$EntryTransformer                                 : loaded 3 times (x 66B)
Class com.google.common.collect.RegularImmutableSet                                   : loaded 3 times (x 144B)
Class com.google.common.collect.ImmutableAsList                                       : loaded 3 times (x 205B)
Class com.google.common.collect.Lists                                                 : loaded 3 times (x 67B)
Class com.google.common.base.Converter                                                : loaded 3 times (x 86B)
Class com.google.common.base.CharMatcher$None                                         : loaded 3 times (x 108B)
Class com.google.common.base.CharMatcher$Any                                          : loaded 3 times (x 108B)
Class com.google.common.collect.ImmutableSet$CachingAsList                            : loaded 3 times (x 143B)
Class com.google.common.collect.ImmutableCollection                                   : loaded 3 times (x 121B)
Class com.google.common.base.CharMatcher$AnyOf                                        : loaded 3 times (x 108B)
Class com.google.common.base.CharMatcher$ForPredicate                                 : loaded 3 times (x 108B)
Class com.google.common.io.Closer$SuppressingSuppressor                               : loaded 3 times (x 71B)
Class com.google.common.base.Splitter$SplittingIterator                               : loaded 3 times (x 80B)
Class com.google.common.collect.ImmutableSet$JdkBackedSetBuilderImpl                  : loaded 3 times (x 72B)
Class com.google.common.collect.ImmutableMap$IteratorBasedImmutableMap                : loaded 3 times (x 121B)
Class com.google.common.collect.SingletonImmutableSet                                 : loaded 3 times (x 142B)
Class com.google.common.collect.ImmutableEnumMap                                      : loaded 3 times (x 121B)
Class com.google.common.base.JdkPattern                                               : loaded 3 times (x 71B)
Class com.google.common.collect.Multimap                                              : loaded 3 times (x 66B)
Class com.google.common.primitives.IntsMethodsForWeb                                  : loaded 3 times (x 67B)
Class com.google.common.base.NullnessCasts                                            : loaded 3 times (x 67B)
Class com.google.common.math.MathPreconditions                                        : loaded 3 times (x 67B)
Class com.google.common.base.Splitter                                                 : loaded 3 times (x 68B)
Class com.google.common.collect.Sets$1                                                : loaded 3 times (x 135B)
Class com.google.common.primitives.Ints                                               : loaded 3 times (x 67B)
Class com.google.common.collect.BiMap                                                 : loaded 3 times (x 66B)
Class com.google.common.base.CharMatcher$And                                          : loaded 3 times (x 108B)
Class com.google.common.base.CharMatcher$JavaLetterOrDigit                            : loaded 3 times (x 107B)
Class com.google.common.collect.Lists$StringAsImmutableList                           : loaded 3 times (x 203B)
Class com.google.common.base.CharMatcher$RangesMatcher                                : loaded 3 times (x 108B)
Class com.google.common.collect.RegularImmutableAsList                                : loaded 3 times (x 212B)
Class com.google.common.collect.Sets$2                                                : loaded 3 times (x 135B)
Class com.google.common.collect.UnmodifiableIterator                                  : loaded 3 times (x 76B)
Class com.google.common.collect.MapDifference                                         : loaded 3 times (x 66B)
Class com.google.common.base.Splitter$1                                               : loaded 3 times (x 73B)
Class com.google.common.collect.Sets$4                                                : loaded 3 times (x 135B)
Class com.google.common.collect.Sets$3                                                : loaded 3 times (x 135B)
Class com.google.common.base.AbstractIterator$State                                   : loaded 3 times (x 75B)
Class org.jetbrains.kotlin.cli.common.CompilerSystemProperties                        : loaded 2 times (x 76B)
Class kotlin.collections.CollectionsKt___CollectionsKt$asSequence$$inlined$Sequence$1 : loaded 2 times (x 71B)
Class org.gradle.api.internal.ClassPathProvider                                       : loaded 2 times (x 66B)
Class [Lorg.gradle.api.internal.ClassPathProvider;                                    : loaded 2 times (x 65B)
Class [Lorg.objectweb.asm.AnnotationVisitor;                                          : loaded 2 times (x 65B)
Class com.google.common.collect.MapMakerInternalMap$Strength$2                        : loaded 2 times (x 76B)
Class com.google.common.util.concurrent.AbstractFuture$SafeAtomicHelper               : loaded 2 times (x 75B)
Class com.google.common.cache.LocalCache$LocalLoadingCache                            : loaded 2 times (x 130B)
Class org.gradle.internal.service.UnknownServiceException                             : loaded 2 times (x 79B)
Class com.google.common.collect.Maps$ViewCachingAbstractMap                           : loaded 2 times (x 121B)
Class build_b0ren8t3ph836uy3hlh8tw2dh                                                 : loaded 2 times (x 176B)
Class com.google.common.io.ByteArrayDataInput                                         : loaded 2 times (x 66B)
Class com.google.common.collect.MapMakerInternalMap$StrongValueEntry                  : loaded 2 times (x 66B)
Class org.objectweb.asm.ModuleVisitor                                                 : loaded 2 times (x 77B)
Class com.google.common.cache.LocalCache$Strength$1                                   : loaded 2 times (x 77B)
Class com.google.common.collect.Collections2$FilteredCollection                       : loaded 2 times (x 115B)
Class com.google.common.util.concurrent.SettableFuture                                : loaded 2 times (x 110B)
Class com.google.common.cache.LocalCache$Strength$2                                   : loaded 2 times (x 77B)
Class com.android.tools.lint.model.LintModelModuleLibrary                             : loaded 2 times (x 66B)
Class [Lcom.android.tools.lint.model.LintModelNamespacingMode;                        : loaded 2 times (x 65B)
Class com.android.tools.lint.model.LintModelSerialization$TargetFile                  : loaded 2 times (x 75B)
Class kotlin.collections.CollectionsKt__CollectionsKt                                 : loaded 2 times (x 67B)
Class kotlin.collections.ArraysKt___ArraysJvmKt                                       : loaded 2 times (x 67B)
Class com.google.common.collect.MapMakerInternalMap$Strength$1                        : loaded 2 times (x 76B)
Class kotlin.text.StringsKt__RegexExtensionsJVMKt                                     : loaded 2 times (x 67B)
Class com.google.common.io.CharSource$ConcatenatedCharSource                          : loaded 2 times (x 82B)
Class [Lcom.google.common.collect.Maps$EntryFunction;                                 : loaded 2 times (x 65B)
Class com.google.common.collect.TransformedIterator                                   : loaded 2 times (x 76B)
Class com.google.common.io.ByteStreams                                                : loaded 2 times (x 67B)
Class com.google.common.collect.Interners$InternerImpl                                : loaded 2 times (x 71B)
Class com.google.common.collect.Interner                                              : loaded 2 times (x 66B)
Class com.google.common.cache.LocalCache$Strength$3                                   : loaded 2 times (x 77B)
Class kotlin.sequences.SequencesKt___SequencesJvmKt$filterIsInstance$1                : loaded 2 times (x 75B)
Class kotlin._Assertions                                                              : loaded 2 times (x 67B)
Class kotlin.text.Regex$Companion                                                     : loaded 2 times (x 67B)
Class com.android.utils.Pair                                                          : loaded 2 times (x 68B)
Class com.google.common.reflect.Invokable                                             : loaded 2 times (x 99B)
Class com.google.common.collect.MapMaker$Dummy                                        : loaded 2 times (x 75B)
Class org.objectweb.asm.FieldWriter                                                   : loaded 2 times (x 74B)
Class com.google.common.cache.CacheBuilder$NullListener                               : loaded 2 times (x 78B)
Class org.gradle.internal.classpath.TransformedClassPath                              : loaded 2 times (x 92B)
Class it.unimi.dsi.fastutil.objects.ReferenceCollection                               : loaded 2 times (x 66B)
Class kotlin.enums.EnumEntriesList                                                    : loaded 2 times (x 219B)
Class com.android.tools.lint.model.DefaultLintModelArtifact                           : loaded 2 times (x 78B)
Class kotlin.jvm.internal.FunctionReference                                           : loaded 2 times (x 118B)
Class kotlin.jvm.internal.FunctionBase                                                : loaded 2 times (x 66B)
Class com.google.common.collect.ImmutableRangeSet$AsSet                               : loaded 2 times (x 295B)
Class com.google.common.collect.ImmutableListMultimap                                 : loaded 2 times (x 172B)
Class com.google.common.cache.CacheLoader$FunctionToCacheLoader                       : loaded 2 times (x 71B)
Class com.google.common.collect.Iterators$ArrayItr                                    : loaded 2 times (x 93B)
Class com.google.common.collect.ImmutableCollection$Builder                           : loaded 2 times (x 72B)
Class kotlin.collections.CollectionsKt__IteratorsJVMKt                                : loaded 2 times (x 67B)
Class kotlin.comparisons.ComparisonsKt___ComparisonsJvmKt                             : loaded 2 times (x 67B)
Class build_b0ren8t3ph836uy3hlh8tw2dh$_run_closure1                                   : loaded 2 times (x 136B)
Class com.google.common.collect.EmptyImmutableListMultimap                            : loaded 2 times (x 172B)
Class com.google.common.collect.BaseImmutableMultimap                                 : loaded 2 times (x 119B)
Class com.google.common.base.Joiner                                                   : loaded 2 times (x 75B)
Class com.google.common.base.MoreObjects                                              : loaded 2 times (x 67B)
Class org.jetbrains.kotlin.config.LanguageOrApiVersion                                : loaded 2 times (x 66B)
Class it.unimi.dsi.fastutil.ints.IntCollection                                        : loaded 2 times (x 66B)
Class com.google.common.base.Splitter$5                                               : loaded 2 times (x 76B)
Class [Lcom.google.common.base.Function;                                              : loaded 2 times (x 65B)
Class [Lorg.objectweb.asm.Type;                                                       : loaded 2 times (x 65B)
Class com.google.common.collect.Platform                                              : loaded 2 times (x 67B)
Class org.gradle.internal.service.ServiceLocator                                      : loaded 2 times (x 66B)
Class kotlin.reflect.KProperty1                                                       : loaded 2 times (x 66B)
Class kotlin.Pair                                                                     : loaded 2 times (x 68B)
Class com.android.tools.lint.model.LintModelModuleType                                : loaded 2 times (x 75B)
Class kotlin.sequences.TransformingSequence$iterator$1                                : loaded 2 times (x 75B)
Class [Lkotlin.Function;                                                              : loaded 2 times (x 65B)
Class com.google.common.base.Ascii                                                    : loaded 2 times (x 67B)
Class com.google.common.collect.SingletonImmutableBiMap                               : loaded 2 times (x 139B)
Class com.google.common.cache.LocalCache$1                                            : loaded 2 times (x 85B)
Class com.google.common.collect.AbstractMapEntry                                      : loaded 2 times (x 77B)
Class kotlin.io.CloseableKt                                                           : loaded 2 times (x 67B)
Class com.android.tools.lint.model.LintModelDependency                                : loaded 2 times (x 66B)
Class kotlin.collections.CollectionsKt__MutableCollectionsKt                          : loaded 2 times (x 67B)
Class com.google.common.io.CharSource$StringCharSource                                : loaded 2 times (x 82B)
Class com.google.common.io.ByteSource$ByteArrayByteSource                             : loaded 2 times (x 81B)
Class com.google.common.reflect.TypeToken$SimpleTypeToken                             : loaded 2 times (x 69B)
Class com.google.common.collect.MapMakerInternalMap$AbstractStrongKeyEntry            : loaded 2 times (x 76B)
Class com.google.common.collect.Sets$ImprovedAbstractSet                              : loaded 2 times (x 131B)
Class com.google.common.collect.ImmutableList$Builder                                 : loaded 2 times (x 73B)
Class com.google.common.cache.LocalCache$2                                            : loaded 2 times (x 138B)
Class com.google.common.collect.AbstractMultimap                                      : loaded 2 times (x 119B)
Class kotlin.text.StringsKt__StringNumberConversionsJVMKt                             : loaded 2 times (x 67B)
Class kotlin.reflect.KCallable                                                        : loaded 2 times (x 66B)
Class com.google.common.collect.ImmutableRangeSet$1                                   : loaded 2 times (x 205B)
Class com.google.common.util.concurrent.AbstractFuture$UnsafeAtomicHelper$1           : loaded 2 times (x 72B)
Class kotlin.text.CharsKt                                                             : loaded 2 times (x 67B)
Class com.android.io.CancellableFileIo                                                : loaded 2 times (x 67B)
Class kotlin.sequences.Sequence                                                       : loaded 2 times (x 66B)
Class com.google.common.collect.Range                                                 : loaded 2 times (x 83B)
Class com.google.common.base.Optional                                                 : loaded 2 times (x 76B)
Class com.google.common.util.concurrent.AbstractFuture$Trusted                        : loaded 2 times (x 66B)
Class com.google.common.collect.Iterators                                             : loaded 2 times (x 67B)
Class com.android.tools.lint.model.DefaultLintModelLibraryResolver                    : loaded 2 times (x 72B)
Class kotlin.text.MatchResult                                                         : loaded 2 times (x 66B)
Class com.google.common.io.ByteSink$AsCharSink                                        : loaded 2 times (x 76B)
Class com.google.common.util.concurrent.UncheckedExecutionException                   : loaded 2 times (x 78B)
Class com.android.tools.lint.model.LintModelModuleLoader                              : loaded 2 times (x 66B)
Class it.unimi.dsi.fastutil.ints.IntIterable                                          : loaded 2 times (x 66B)
Class com.google.common.collect.ImmutableSortedSetFauxverideShim                      : loaded 2 times (x 143B)
Class org.gradle.internal.InternalTransformer                                         : loaded 2 times (x 66B)
Class com.android.tools.lint.model.LintModelSourceProvider                            : loaded 2 times (x 66B)
Class kotlin.collections.MapsKt__MapsJVMKt                                            : loaded 2 times (x 67B)
Class kotlin.collections.EmptyList                                                    : loaded 2 times (x 170B)
Class [Lcom.android.prefs.VariableValue;                                              : loaded 2 times (x 65B)
Class kotlin.collections.ArraysKt___ArraysKt$asSequence$$inlined$Sequence$1           : loaded 2 times (x 71B)
Class com.android.tools.lint.model.PathVariables$Companion                            : loaded 2 times (x 67B)
Class org.gradle.api.internal.DefaultClassPathProvider                                : loaded 2 times (x 72B)
Class com.android.manifmerger.ManifestMerger2$MergeFailureException                   : loaded 2 times (x 78B)
Class com.google.common.collect.AbstractMapBasedMultimap$KeySet$1                     : loaded 2 times (x 78B)
Class org.objectweb.asm.ClassWriter                                                   : loaded 2 times (x 102B)
Class com.google.common.cache.CacheLoader$UnsupportedLoadingOperationException        : loaded 2 times (x 78B)
Class org.gradle.internal.classloader.ClasspathUtil$1                                 : loaded 2 times (x 72B)
Class com.android.tools.lint.model.LintModelDependencyGraph                           : loaded 2 times (x 66B)
Class org.objectweb.asm.AnnotationVisitor                                             : loaded 2 times (x 74B)
Class com.google.common.collect.AbstractMapBasedMultimap$Itr                          : loaded 2 times (x 79B)
Class com.google.common.collect.FluentIterable$1                                      : loaded 2 times (x 77B)
Class com.google.common.base.Objects                                                  : loaded 2 times (x 67B)
Class org.objectweb.asm.FieldVisitor                                                  : loaded 2 times (x 73B)
Class com.google.common.collect.IndexedImmutableSet                                   : loaded 2 times (x 146B)
Class com.google.common.collect.ImmutableMap$1                                        : loaded 2 times (x 77B)
Class settings_b6ef2rfaflcm12hpb7rvj5bgq$_run_closure1$_closure2                      : loaded 2 times (x 135B)
Class org.gradle.api.internal.classpath.DefaultModuleRegistry$DefaultModule           : loaded 2 times (x 82B)
Class com.google.common.collect.Iterators$EmptyModifiableIterator                     : loaded 2 times (x 82B)
Class com.android.tools.lint.model.DefaultLintModelDependencies                       : loaded 2 times (x 75B)
Class com.android.ide.common.repository.AgpVersion                                    : loaded 2 times (x 71B)
Class com.google.common.base.Absent                                                   : loaded 2 times (x 76B)
Class com.google.common.collect.FluentIterable$2                                      : loaded 2 times (x 77B)
Class com.google.common.collect.AbstractIterator                                      : loaded 2 times (x 78B)
Class kotlin.jvm.internal.ArrayIteratorKt                                             : loaded 2 times (x 67B)
Class kotlin.collections.ArraysKt__ArraysKt                                           : loaded 2 times (x 67B)
Class com.google.common.collect.FluentIterable$3                                      : loaded 2 times (x 77B)
Class com.google.common.collect.Multiset                                              : loaded 2 times (x 66B)
Class com.google.common.collect.ArrayListMultimapGwtSerializationDependencies         : loaded 2 times (x 168B)
Class com.google.common.collect.ObjectArrays                                          : loaded 2 times (x 67B)
Class com.google.common.collect.AbstractIndexedListIterator                           : loaded 2 times (x 92B)
Class com.android.tools.lint.model.DefaultLintModelVariant$artifact$2                 : loaded 2 times (x 75B)
Class kotlin.collections.SetsKt__SetsJVMKt                                            : loaded 2 times (x 67B)
Class com.android.tools.lint.model.LintModelMavenName$Companion                       : loaded 2 times (x 67B)
Class kotlin.Function                                                                 : loaded 2 times (x 66B)
Class com.google.common.collect.ImmutableMapEntrySet                                  : loaded 2 times (x 147B)
Class org.gradle.api.internal.classpath.Module                                        : loaded 2 times (x 66B)
Class kotlin.internal.ProgressionUtilKt                                               : loaded 2 times (x 67B)
Class kotlin.collections.CharIterator                                                 : loaded 2 times (x 78B)
Class com.google.common.cache.Weigher                                                 : loaded 2 times (x 66B)
Class org.gradle.api.internal.classpath.UnknownModuleException                        : loaded 2 times (x 78B)
Class org.gradle.cache.GlobalCache                                                    : loaded 2 times (x 66B)
Class kotlin.jvm.internal.PropertyReference                                           : loaded 2 times (x 111B)
Class org.jetbrains.kotlin.config.ApiVersion                                          : loaded 2 times (x 82B)
Class com.android.prefs.VariableValue                                                 : loaded 2 times (x 80B)
Class com.android.prefs.AbstractAndroidLocations$Companion                            : loaded 2 times (x 67B)
Class com.google.common.base.Stopwatch                                                : loaded 2 times (x 68B)
Class com.google.common.cache.LocalCache$Strength                                     : loaded 2 times (x 77B)
Class com.google.common.cache.Cache                                                   : loaded 2 times (x 66B)
Class com.android.tools.lint.model.LintModelAndroidArtifact                           : loaded 2 times (x 66B)
Class [Lcom.android.tools.lint.model.LintModelSerialization$TargetFile;               : loaded 2 times (x 65B)
Class kotlin.reflect.KProperty$Accessor                                               : loaded 2 times (x 66B)
Class com.google.common.collect.AbstractMultimap$Entries                              : loaded 2 times (x 116B)
Class com.google.common.io.Files$2                                                    : loaded 2 times (x 72B)
Class com.google.common.io.AppendableWriter                                           : loaded 2 times (x 96B)
Class com.google.common.util.concurrent.AbstractFuture$Cancellation                   : loaded 2 times (x 68B)
Class com.google.common.collect.ImmutableMap$Builder                                  : loaded 2 times (x 78B)
Class com.google.common.collect.Maps$EntryFunction$1                                  : loaded 2 times (x 87B)
Class com.google.common.base.Present                                                  : loaded 2 times (x 77B)
Class com.google.common.cache.RemovalListener                                         : loaded 2 times (x 66B)
Class org.gradle.api.internal.DefaultClassPathRegistry                                : loaded 2 times (x 72B)
Class kotlin.reflect.KProperty                                                        : loaded 2 times (x 66B)
Class kotlin.ranges.ClosedRange                                                       : loaded 2 times (x 66B)
Class org.jetbrains.kotlin.cli.common.messages.MessageCollector                       : loaded 2 times (x 66B)
Class com.google.common.collect.ListMultimap                                          : loaded 2 times (x 66B)
Class com.google.common.collect.AbstractIterator$1                                    : loaded 2 times (x 67B)
Class com.android.tools.lint.model.LintModelLintOptions                               : loaded 2 times (x 66B)
Class com.android.prefs.PathLocator$singlePathOf$values$1                             : loaded 2 times (x 75B)
Class com.android.tools.lint.model.PathVariables$Companion$PATH_COMPARATOR$1          : loaded 2 times (x 74B)
Class com.google.common.collect.Maps$EntryFunction$2                                  : loaded 2 times (x 87B)
Class com.google.common.reflect.Invokable$ConstructorInvokable                        : loaded 2 times (x 103B)
Class com.google.common.collect.ImmutableMultimap$Keys                                : loaded 2 times (x 162B)
Class org.gradle.api.internal.ClassPathRegistry                                       : loaded 2 times (x 66B)
Class org.gradle.internal.classpath.DefaultClassPath$ImmutableUniqueList              : loaded 2 times (x 195B)
Class kotlin.jvm.internal.TypeIntrinsics                                              : loaded 2 times (x 67B)
Class com.android.prefs.PathLocator$singlePathOf$values$2                             : loaded 2 times (x 74B)
Class com.android.tools.lint.model.PathVariables$Companion$PATH_COMPARATOR$2          : loaded 2 times (x 74B)
Class kotlin.text.StringsKt__StringsJVMKt                                             : loaded 2 times (x 67B)
Class com.google.common.reflect.TypeToken                                             : loaded 2 times (x 69B)
Class com.google.common.collect.NullnessCasts                                         : loaded 2 times (x 67B)
Class com.google.common.collect.MapMakerInternalMap$Segment                           : loaded 2 times (x 138B)
Class com.google.common.base.ExtraObjectsMethodsForWeb                                : loaded 2 times (x 67B)
Class kotlin.collections.SetsKt                                                       : loaded 2 times (x 67B)
Class com.android.tools.lint.model.PathVariables$Companion$PATH_COMPARATOR$3          : loaded 2 times (x 74B)
Class kotlin.text.StringsKt__IndentKt                                                 : loaded 2 times (x 67B)
Class com.google.common.io.ByteSink                                                   : loaded 2 times (x 72B)
Class com.google.common.cache.CacheBuilder                                            : loaded 2 times (x 68B)
Class com.google.common.collect.SingletonImmutableList                                : loaded 2 times (x 203B)
Class org.gradle.internal.classpath.ClassPath                                         : loaded 2 times (x 66B)
Class org.gradle.api.UncheckedIOException                                             : loaded 2 times (x 78B)
Class kotlin.reflect.KFunction                                                        : loaded 2 times (x 66B)
Class com.android.tools.lint.model.PathVariables$Companion$PATH_COMPARATOR$4          : loaded 2 times (x 74B)
Class com.google.common.collect.ImmutableRangeSet                                     : loaded 2 times (x 111B)
Class com.google.common.collect.Interners$InternerBuilder                             : loaded 2 times (x 72B)
Class com.google.common.io.Files$FileByteSource                                       : loaded 2 times (x 81B)
Class com.google.common.collect.ImmutableList$ReverseImmutableList                    : loaded 2 times (x 204B)
Class it.unimi.dsi.fastutil.objects.ObjectIterable                                    : loaded 2 times (x 66B)
Class com.android.tools.lint.model.DefaultLintModelAndroidLibrary                     : loaded 2 times (x 107B)
Class kotlin.collections.MapsKt__MapsKt                                               : loaded 2 times (x 67B)
Class com.android.prefs.AndroidLocationsProvider                                      : loaded 2 times (x 66B)
Class kotlin.jvm.internal.Lambda                                                      : loaded 2 times (x 71B)
Class com.google.common.io.CharSource$CharSequenceCharSource                          : loaded 2 times (x 82B)
Class com.google.common.io.CharStreams$NullWriter                                     : loaded 2 times (x 95B)
Class org.objectweb.asm.SymbolTable$Entry                                             : loaded 2 times (x 70B)
Class com.google.common.util.concurrent.AbstractFuture$AtomicHelper                   : loaded 2 times (x 74B)
Class org.objectweb.asm.Edge                                                          : loaded 2 times (x 68B)
Class com.google.common.base.Suppliers$SupplierOfInstance                             : loaded 2 times (x 75B)
Class com.google.common.collect.Iterators$1                                           : loaded 2 times (x 77B)
Class kotlin.text.StringsKt__AppendableKt                                             : loaded 2 times (x 67B)
Class kotlin.text.MatchResult$Destructured                                            : loaded 2 times (x 68B)
Class org.gradle.api.internal.classpath.EffectiveClassPath                            : loaded 2 times (x 86B)
Class kotlin.UninitializedPropertyAccessException                                     : loaded 2 times (x 78B)
Class com.google.common.reflect.TypeToken$1                                           : loaded 2 times (x 106B)
Class com.google.common.cache.LocalCache$ComputingValueReference                      : loaded 2 times (x 92B)
Class kotlin.reflect.KProperty$Getter                                                 : loaded 2 times (x 66B)
Class kotlin.sequences.SequencesKt___SequencesKt$filterNotNull$1                      : loaded 2 times (x 74B)
Class com.google.common.reflect.TypeToken$2                                           : loaded 2 times (x 106B)
Class com.google.common.cache.LocalCache$Segment                                      : loaded 2 times (x 150B)
Class org.jetbrains.kotlin.utils.DescriptionAware                                     : loaded 2 times (x 66B)
Class com.google.common.collect.SortedIterable                                        : loaded 2 times (x 66B)
Class [Lorg.objectweb.asm.SymbolTable$Entry;                                          : loaded 2 times (x 65B)
Class com.google.common.cache.CacheLoader                                             : loaded 2 times (x 70B)
Class com.google.common.collect.Iterators$4                                           : loaded 2 times (x 78B)
Class com.google.common.collect.ImmutableBiMap                                        : loaded 2 times (x 139B)
Class com.google.common.collect.AbstractListMultimap                                  : loaded 2 times (x 168B)
Class org.gradle.internal.installation.GradleInstallation$1                           : loaded 2 times (x 71B)
Class org.gradle.api.internal.classpath.ModuleRegistry                                : loaded 2 times (x 66B)
Class settings_b6ef2rfaflcm12hpb7rvj5bgq                                              : loaded 2 times (x 175B)
Class com.android.ide.common.repository.AgpVersion$PreviewKind$Companion              : loaded 2 times (x 67B)
Class com.android.ProgressManagerAdapter                                              : loaded 2 times (x 69B)
Class [Lcom.google.common.collect.ImmutableMapEntry;                                  : loaded 2 times (x 65B)
Class com.google.common.util.concurrent.internal.InternalFutureFailureAccess          : loaded 2 times (x 68B)
Class com.google.common.collect.Iterators$5                                           : loaded 2 times (x 78B)
Class kotlin.text.RegexKt                                                             : loaded 2 times (x 67B)
Class kotlin.sequences.SequencesKt___SequencesKt$flatMap$2                            : loaded 2 times (x 121B)
Class [Lcom.android.ide.common.repository.AgpVersion$PreviewKind;                     : loaded 2 times (x 65B)
Class com.google.common.collect.Iterators$6                                           : loaded 2 times (x 77B)
Class com.google.common.collect.ImmutableMultimap$Values                              : loaded 2 times (x 122B)
Class com.google.common.util.concurrent.AbstractFuture$UnsafeAtomicHelper             : loaded 2 times (x 74B)
Class com.google.common.cache.LocalCache$LocalManualCache$1                           : loaded 2 times (x 71B)
Class kotlin.collections.CollectionsKt__CollectionsJVMKt                              : loaded 2 times (x 67B)
Class [Lcom.android.prefs.Global;                                                     : loaded 2 times (x 65B)
Class org.gradle.internal.classloader.ClassLoaderVisitor                              : loaded 2 times (x 72B)
Class [Lcom.google.common.collect.AbstractIterator$State;                             : loaded 2 times (x 65B)
Class org.gradle.api.internal.classpath.DefaultModuleRegistry                         : loaded 2 times (x 82B)
Class com.google.common.io.ByteSource$ConcatenatedByteSource                          : loaded 2 times (x 81B)
Class kotlin.collections.CollectionsKt__IteratorsKt                                   : loaded 2 times (x 67B)
Class kotlin.sequences.SequencesKt                                                    : loaded 2 times (x 67B)
Class org.jetbrains.kotlin.config.LanguageVersionSettings                             : loaded 2 times (x 66B)
Class com.android.utils.EnvironmentProvider$DirectEnvironmentProvider                 : loaded 2 times (x 76B)
Class kotlin.sequences.SequencesKt___SequencesKt                                      : loaded 2 times (x 67B)
Class com.google.common.util.concurrent.ListenableFuture                              : loaded 2 times (x 66B)
Class com.google.common.cache.ReferenceEntry                                          : loaded 2 times (x 66B)
Class kotlin.text.MatcherMatchResult$groupValues$1                                    : loaded 2 times (x 194B)
Class com.android.tools.lint.model.LintModelSerialization                             : loaded 2 times (x 72B)
Class kotlin.text.StringsKt                                                           : loaded 2 times (x 67B)
Class com.google.common.util.concurrent.AbstractFuture                                : loaded 2 times (x 102B)
Class com.google.common.base.FunctionalEquivalence                                    : loaded 2 times (x 79B)
Class com.google.common.collect.Iterators$9                                           : loaded 2 times (x 77B)
Class kotlin.collections.AbstractList$Companion                                       : loaded 2 times (x 67B)
Class kotlin.LazyKt__LazyJVMKt                                                        : loaded 2 times (x 67B)
Class com.google.common.io.CharStreams                                                : loaded 2 times (x 67B)
Class com.google.common.collect.ImmutableMultiset                                     : loaded 2 times (x 159B)
Class org.objectweb.asm.RecordComponentVisitor                                        : loaded 2 times (x 73B)
Class com.google.common.cache.CacheLoader$SupplierToCacheLoader                       : loaded 2 times (x 71B)
Class [Lkotlin.Pair;                                                                  : loaded 2 times (x 65B)
Class kotlin.text.MatchNamedGroupCollection                                           : loaded 2 times (x 66B)
Class kotlin.text.StringsKt__StringNumberConversionsKt                                : loaded 2 times (x 67B)
Class org.gradle.internal.classloader.DefaultClassLoaderFactory                       : loaded 2 times (x 78B)
Class org.gradle.internal.service.ServiceLookupException                              : loaded 2 times (x 78B)
Class com.android.tools.lint.model.LintModelBuildFeatures                             : loaded 2 times (x 66B)
Class com.google.common.base.Platform$JdkPatternCompiler                              : loaded 2 times (x 71B)
Class com.google.common.collect.ImmutableSortedSet                                    : loaded 2 times (x 295B)
Class [Lcom.google.common.cache.LocalCache$EntryFactory;                              : loaded 2 times (x 65B)
Class org.gradle.internal.classloader.ClassLoaderFactory                              : loaded 2 times (x 66B)
Class com.google.common.base.Suppliers                                                : loaded 2 times (x 67B)
Class [Lcom.google.common.cache.CacheBuilder$OneWeigher;                              : loaded 2 times (x 65B)
Class com.google.common.cache.LocalCache$LocalManualCache                             : loaded 2 times (x 95B)
Class org.gradle.internal.service.CachingServiceLocator                               : loaded 2 times (x 78B)
Class org.objectweb.asm.MethodTooLargeException                                       : loaded 2 times (x 79B)
Class kotlin.collections.AbstractList$SubList                                         : loaded 2 times (x 194B)
Class kotlin.jvm.internal.CallableReference                                           : loaded 2 times (x 102B)
Class com.google.common.collect.RegularImmutableSortedSet                             : loaded 2 times (x 295B)
Class com.google.common.collect.AbstractMapBasedMultimap$KeySet                       : loaded 2 times (x 133B)
Class kotlin.ranges.IntRange                                                          : loaded 2 times (x 89B)
Class com.google.common.collect.MapMakerInternalMap$Strength                          : loaded 2 times (x 76B)
Class com.google.common.collect.MapMakerInternalMap$InternalEntry                     : loaded 2 times (x 66B)
Class com.google.common.collect.Iterators$10                                          : loaded 2 times (x 77B)
Class com.google.common.collect.ImmutableMapEntry                                     : loaded 2 times (x 81B)
Class kotlin.enums.EnumEntries                                                        : loaded 2 times (x 66B)
Class com.android.prefs.LocationValue                                                 : loaded 2 times (x 66B)
Class com.google.common.collect.MapMakerInternalMap$StrongKeyDummyValueEntry$LinkedStrongKeyDummyValueEntry: loaded 2 times (x 78B)
Class com.google.common.base.Predicates                                               : loaded 2 times (x 67B)
Class com.google.common.collect.ImmutableMultimap                                     : loaded 2 times (x 143B)
Class com.google.common.base.Equivalence                                              : loaded 2 times (x 78B)
Class com.google.common.collect.ImmutableMapEntry$NonTerminalImmutableMapEntry        : loaded 2 times (x 81B)
Class [Lorg.jetbrains.kotlin.cli.common.CompilerSystemProperties;                     : loaded 2 times (x 65B)
Class com.google.gson.JsonParseException                                              : loaded 2 times (x 78B)
Class com.android.tools.lint.model.DefaultLintModelJavaLibrary                        : loaded 2 times (x 99B)
Class com.android.prefs.PathLocator                                                   : loaded 2 times (x 69B)
Class com.google.common.collect.IndexedImmutableSet$1                                 : loaded 2 times (x 208B)
Class com.google.common.cache.CacheBuilder$OneWeigher                                 : loaded 2 times (x 78B)
Class com.google.common.collect.RegularImmutableList                                  : loaded 2 times (x 208B)
Class com.android.sdklib.AndroidVersion                                               : loaded 2 times (x 71B)
Class com.android.tools.lint.model.LintModelLibraryResolver                           : loaded 2 times (x 66B)
Class kotlin.text.MatchResult$DefaultImpls                                            : loaded 2 times (x 67B)
Class com.android.tools.lint.model.LintModelSerialization$LintModelSerializationAdapter: loaded 2 times (x 66B)
Class com.google.common.collect.Maps$EntryFunction                                    : loaded 2 times (x 87B)
Class com.google.common.collect.ImmutableBiMapFauxverideShim                          : loaded 2 times (x 116B)
Class org.gradle.internal.classloader.ClasspathUtil                                   : loaded 2 times (x 67B)
Class it.unimi.dsi.fastutil.Hash                                                      : loaded 2 times (x 66B)
Class com.android.tools.lint.model.LintModelModule                                    : loaded 2 times (x 66B)
Class com.google.common.util.concurrent.Uninterruptibles                              : loaded 2 times (x 67B)
Class kotlin.jvm.internal.PropertyReference1                                          : loaded 2 times (x 123B)
Class com.android.tools.lint.model.LintModelNamespacingMode                           : loaded 2 times (x 75B)
Class com.android.utils.StdLogger                                                     : loaded 2 times (x 82B)
Class com.google.gson.JsonSyntaxException                                             : loaded 2 times (x 78B)
Class com.google.common.collect.UnmodifiableListIterator                              : loaded 2 times (x 91B)
Class com.google.common.io.CharSource                                                 : loaded 2 times (x 81B)
Class org.gradle.api.specs.Spec                                                       : loaded 2 times (x 66B)
Class com.android.tools.lint.model.LintModelExternalLibrary                           : loaded 2 times (x 66B)
Class com.google.common.collect.MapMaker                                              : loaded 2 times (x 68B)
Class [Lcom.google.common.collect.ImmutableEntry;                                     : loaded 2 times (x 65B)
Class it.unimi.dsi.fastutil.HashCommon                                                : loaded 2 times (x 67B)
Class com.android.tools.lint.model.LintModelVariant                                   : loaded 2 times (x 66B)
Class kotlin.jvm.internal.ArrayIterator                                               : loaded 2 times (x 75B)
Class com.google.common.collect.Sets$3$1                                              : loaded 2 times (x 78B)
Class com.google.common.cache.LocalCache$LoadingValueReference                        : loaded 2 times (x 92B)
Class kotlin.collections.EmptyIterator                                                : loaded 2 times (x 85B)
Class kotlin.SynchronizedLazyImpl                                                     : loaded 2 times (x 72B)
Class [Lcom.android.tools.lint.model.LintModelArtifactType;                           : loaded 2 times (x 65B)
Class com.android.tools.lint.model.LintModelMavenName                                 : loaded 2 times (x 66B)
Class kotlin.text.StringsKt__RegexExtensionsKt                                        : loaded 2 times (x 67B)
Class com.google.common.reflect.Invokable$MethodInvokable                             : loaded 2 times (x 103B)
Class com.google.common.collect.Multimaps$Entries                                     : loaded 2 times (x 114B)
Class com.google.common.collect.MapMakerInternalMap$StrongKeyDummyValueEntry          : loaded 2 times (x 78B)
Class com.google.common.io.LineReader$1                                               : loaded 2 times (x 71B)
Class com.google.common.collect.CollectSpliterators                                   : loaded 2 times (x 67B)
Class com.google.common.collect.AbstractMapBasedMultimap$AsMap                        : loaded 2 times (x 124B)
Class com.google.common.base.Platform                                                 : loaded 2 times (x 67B)
Class org.objectweb.asm.ClassVisitor                                                  : loaded 2 times (x 84B)
Class com.android.tools.lint.model.LintModelLibrary                                   : loaded 2 times (x 66B)
Class kotlin.collections.AbstractList                                                 : loaded 2 times (x 193B)
Class kotlin.collections.AbstractCollection                                           : loaded 2 times (x 113B)
Class kotlin.sequences.SequencesKt__SequencesJVMKt                                    : loaded 2 times (x 67B)
Class [Lorg.objectweb.asm.Symbol;                                                     : loaded 2 times (x 65B)
Class [Lorg.objectweb.asm.AnnotationWriter;                                           : loaded 2 times (x 65B)
Class com.google.common.collect.AbstractMapBasedMultimap$WrappedList                  : loaded 2 times (x 201B)
Class kotlin.collections.ArrayAsCollection                                            : loaded 2 times (x 101B)
Class kotlin.LazyKt__LazyKt                                                           : loaded 2 times (x 67B)
Class kotlin.text.Regex                                                               : loaded 2 times (x 68B)
Class com.android.utils.EnvironmentProvider                                           : loaded 2 times (x 66B)
Class com.google.common.reflect.TypeCapture                                           : loaded 2 times (x 67B)
Class kotlin.text.StringsKt__StringBuilderJVMKt                                       : loaded 2 times (x 67B)
Class com.android.utils.ILogger                                                       : loaded 2 times (x 66B)
Class com.google.common.base.Predicates$CompositionPredicate                          : loaded 2 times (x 84B)
Class [Lcom.google.common.collect.Iterators$EmptyModifiableIterator;                  : loaded 2 times (x 65B)
Class com.google.common.collect.ImmutableRangeSet$Builder                             : loaded 2 times (x 73B)
Class com.google.common.cache.LocalCache$StrongValueReference                         : loaded 2 times (x 86B)
Class com.google.common.util.concurrent.AbstractFuture$SynchronizedHelper             : loaded 2 times (x 74B)
Class kotlin.UNINITIALIZED_VALUE                                                      : loaded 2 times (x 67B)
Class com.google.common.graph.SuccessorsFunction                                      : loaded 2 times (x 66B)
Class org.objectweb.asm.Type                                                          : loaded 2 times (x 68B)
Class org.gradle.internal.classloader.VisitableURLClassLoader$InstrumentingVisitableURLClassLoader: loaded 2 times (x 119B)
Class kotlin.ranges.RangesKt__RangesKt                                                : loaded 2 times (x 67B)
Class com.android.utils.NullLogger                                                    : loaded 2 times (x 81B)
Class com.android.tools.lint.model.LintModelArtifactType                              : loaded 2 times (x 75B)
Class kotlin.collections.SetsKt___SetsKt                                              : loaded 2 times (x 67B)
Class kotlin.sequences.SequencesKt__SequencesKt                                       : loaded 2 times (x 67B)
Class kotlin.comparisons.ComparisonsKt__ComparisonsKt                                 : loaded 2 times (x 67B)
Class com.google.common.collect.MapMakerInternalMap$StrongKeyDummyValueEntry$Helper   : loaded 2 times (x 75B)
Class com.google.common.io.Files$FileByteSink                                         : loaded 2 times (x 73B)
Class org.objectweb.asm.ByteVector                                                    : loaded 2 times (x 75B)
Class [Lcom.google.common.cache.CacheBuilder$NullListener;                            : loaded 2 times (x 65B)
Class org.gradle.internal.classloader.VisitableURLClassLoader$Spec                    : loaded 2 times (x 70B)
Class org.gradle.internal.classpath.DefaultClassPath                                  : loaded 2 times (x 86B)
Class kotlin.sequences.FilteringSequence                                              : loaded 2 times (x 71B)
Class com.android.tools.lint.model.LintModelDependencies                              : loaded 2 times (x 66B)
Class kotlin.text.CharsKt__CharJVMKt                                                  : loaded 2 times (x 67B)
Class kotlin.comparisons.ComparisonsKt                                                : loaded 2 times (x 67B)
Class kotlin.comparisons.ComparisonsKt___ComparisonsKt                                : loaded 2 times (x 67B)
Class kotlin.sequences.TransformingSequence                                           : loaded 2 times (x 71B)
Class org.objectweb.asm.Symbol                                                        : loaded 2 times (x 69B)
Class it.unimi.dsi.fastutil.objects.ReferenceSet                                      : loaded 2 times (x 66B)
Class com.google.common.collect.ImmutableMap$MapViewOfValuesAsSingletonSets           : loaded 2 times (x 121B)
Class com.google.common.collect.RegularImmutableMap                                   : loaded 2 times (x 117B)
Class com.google.common.io.ByteArrayDataOutput                                        : loaded 2 times (x 66B)
Class com.google.common.collect.Sets$FilteredSet                                      : loaded 2 times (x 133B)
Class com.google.common.io.Java8Compatibility                                         : loaded 2 times (x 67B)
Class com.google.common.collect.RegularImmutableMap$Values                            : loaded 2 times (x 203B)
Class org.gradle.internal.classloader.ClassLoaderSpec                                 : loaded 2 times (x 67B)
Class com.android.tools.lint.model.LintModelSerialization$LintModelSerializationFileAdapter: loaded 2 times (x 85B)
Class kotlin.collections.CollectionsKt___CollectionsJvmKt                             : loaded 2 times (x 67B)
Class com.android.prefs.VariableType                                                  : loaded 2 times (x 75B)
Class kotlin.jvm.internal.FunctionReferenceImpl                                       : loaded 2 times (x 118B)
Class com.google.common.io.ByteSource$EmptyByteSource                                 : loaded 2 times (x 81B)
Class org.objectweb.asm.AnnotationWriter                                              : loaded 2 times (x 75B)
Class com.google.common.cache.CacheStats                                              : loaded 2 times (x 67B)
Class kotlin.Unit                                                                     : loaded 2 times (x 67B)
Class kotlin.TuplesKt                                                                 : loaded 2 times (x 67B)
Class com.android.tools.lint.model.DefaultLintModelAndroidArtifact                    : loaded 2 times (x 87B)
Class kotlin.sequences.SequencesKt___SequencesJvmKt                                   : loaded 2 times (x 67B)
Class com.android.tools.lint.model.PathVariables                                      : loaded 2 times (x 68B)
Class kotlin.ranges.IntProgression$Companion                                          : loaded 2 times (x 67B)
Class com.google.common.collect.AbstractMapBasedMultimap$2                            : loaded 2 times (x 81B)
Class com.google.common.collect.Interners                                             : loaded 2 times (x 67B)
Class com.google.common.io.LineProcessor                                              : loaded 2 times (x 66B)
Class com.google.common.collect.ImmutableMultisetGwtSerializationDependencies         : loaded 2 times (x 121B)
Class org.objectweb.asm.RecordComponentWriter                                         : loaded 2 times (x 74B)
Class com.google.common.util.concurrent.AbstractFuture$Listener                       : loaded 2 times (x 68B)
Class kotlin.ranges.RangesKt                                                          : loaded 2 times (x 67B)
Class org.objectweb.asm.Attribute                                                     : loaded 2 times (x 73B)
Class com.google.common.base.Supplier                                                 : loaded 2 times (x 66B)
Class org.gradle.internal.classloader.VisitableURLClassLoader                         : loaded 2 times (x 113B)
Class kotlin.collections.ArraysUtilJVM                                                : loaded 2 times (x 67B)
Class kotlin.jvm.functions.Function0                                                  : loaded 2 times (x 66B)
Class com.android.ide.common.repository.AgpVersion$Companion                          : loaded 2 times (x 67B)
Class kotlin.sequences.FlatteningSequence$iterator$1                                  : loaded 2 times (x 75B)
Class com.android.prefs.AbstractAndroidLocations                                      : loaded 2 times (x 78B)
Class com.google.common.io.CharSource$AsByteSource                                    : loaded 2 times (x 81B)
Class com.google.common.collect.ImmutableList$SerializedForm                          : loaded 2 times (x 69B)
Class com.google.common.util.concurrent.AbstractFuture$Waiter                         : loaded 2 times (x 68B)
Class org.gradle.internal.Cast                                                        : loaded 2 times (x 67B)
Class org.gradle.api.Action                                                           : loaded 2 times (x 66B)
Class com.android.tools.lint.model.DefaultLintModelMavenName                          : loaded 2 times (x 83B)
Class kotlin.jvm.functions.Function1                                                  : loaded 2 times (x 66B)
Class org.gradle.api.internal.classpath.ManifestUtil                                  : loaded 2 times (x 67B)
Class com.google.common.collect.ImmutableList$1                                       : loaded 2 times (x 93B)
Class com.google.common.collect.MapMakerInternalMap                                   : loaded 2 times (x 157B)
Class org.objectweb.asm.Handler                                                       : loaded 2 times (x 68B)
Class com.google.common.base.Ticker                                                   : loaded 2 times (x 68B)
Class com.google.common.base.Strings                                                  : loaded 2 times (x 67B)
Class settings_b6ef2rfaflcm12hpb7rvj5bgq$_run_closure1                                : loaded 2 times (x 135B)
Class org.gradle.internal.agents.InstrumentingClassLoader                             : loaded 2 times (x 66B)
Class com.android.SdkConstants                                                        : loaded 2 times (x 67B)
Class com.google.common.util.concurrent.ExecutionError                                : loaded 2 times (x 78B)
Class com.google.common.collect.AbstractMapBasedMultimap$WrappedCollection            : loaded 2 times (x 120B)
Class kotlin.jvm.functions.Function2                                                  : loaded 2 times (x 66B)
Class kotlin.KotlinNothingValueException                                              : loaded 2 times (x 78B)
Class [Lcom.google.common.cache.LocalCache$Segment;                                   : loaded 2 times (x 65B)
Class [Lcom.google.common.cache.LocalCache$Strength;                                  : loaded 2 times (x 65B)
Class com.google.common.cache.CacheBuilder$1                                          : loaded 2 times (x 81B)
Class org.gradle.internal.classpath.DefaultClassPath$ImmutableUniqueList$Builder      : loaded 2 times (x 71B)
Class kotlin.collections.MapsKt___MapsJvmKt                                           : loaded 2 times (x 67B)
Class [Lcom.android.prefs.LocationValue;                                              : loaded 2 times (x 65B)
Class com.android.utils.StdLogger$Level                                               : loaded 2 times (x 75B)
Class com.google.common.collect.AbstractRangeSet                                      : loaded 2 times (x 110B)
Class com.google.common.collect.MapMakerInternalMap$WeakValueReference                : loaded 2 times (x 66B)
Class com.google.common.cache.LocalCache                                              : loaded 2 times (x 183B)
Class com.google.common.cache.CacheBuilder$2                                          : loaded 2 times (x 68B)
Class org.jetbrains.kotlin.config.LanguageVersion                                     : loaded 2 times (x 87B)
Class kotlin.collections.EmptySet                                                     : loaded 2 times (x 118B)
Class kotlin.collections.CollectionsKt___CollectionsKt                                : loaded 2 times (x 67B)
Class com.android.tools.lint.model.DefaultLintModelVariant$mainArtifact$2             : loaded 2 times (x 75B)
Class com.android.sdklib.IAndroidTarget                                               : loaded 2 times (x 66B)
Class [Lcom.google.common.collect.AbstractMapEntry;                                   : loaded 2 times (x 65B)
Class com.google.common.collect.ImmutableEntry                                        : loaded 2 times (x 78B)
Class com.google.common.collect.ArrayListMultimap                                     : loaded 2 times (x 168B)
Class org.gradle.api.GradleException                                                  : loaded 2 times (x 78B)
Class kotlin.jvm.internal.PropertyReference1Impl                                      : loaded 2 times (x 123B)
Class kotlin.reflect.KDeclarationContainer                                            : loaded 2 times (x 66B)
Class org.gradle.internal.classloader.ClassLoaderHierarchy                            : loaded 2 times (x 66B)
Class kotlin.text.StringsKt___StringsJvmKt                                            : loaded 2 times (x 67B)
Class com.google.common.io.CharSource$EmptyCharSource                                 : loaded 2 times (x 82B)
Class com.google.common.base.Suppliers$MemoizingSupplier                              : loaded 2 times (x 75B)
Class kotlin.collections.MapsKt___MapsKt                                              : loaded 2 times (x 67B)
Class kotlin.collections.ArraysKt___ArraysKt                                          : loaded 2 times (x 67B)
Class com.google.common.io.FileWriteMode                                              : loaded 2 times (x 75B)
Class [Lcom.google.common.collect.MapMakerInternalMap$Segment;                        : loaded 2 times (x 65B)
Class com.google.common.collect.Maps$AbstractFilteredMap                              : loaded 2 times (x 123B)
Class [Lcom.google.common.collect.MapMakerInternalMap$Strength;                       : loaded 2 times (x 65B)
Class [Lcom.google.common.io.FileWriteMode;                                           : loaded 2 times (x 65B)
Class it.unimi.dsi.fastutil.objects.ObjectSet                                         : loaded 2 times (x 66B)
Class com.android.tools.lint.model.DefaultLintModelSourceProvider                     : loaded 2 times (x 80B)
Class kotlin.collections.MapsKt__MapWithDefaultKt                                     : loaded 2 times (x 67B)
Class [Lcom.android.prefs.VariableType;                                               : loaded 2 times (x 65B)
Class com.google.common.collect.MapMakerInternalMap$StrongKeyDummyValueSegment        : loaded 2 times (x 138B)
Class com.google.common.collect.Iterables$4                                           : loaded 2 times (x 77B)
Class com.google.common.io.Files                                                      : loaded 2 times (x 67B)
Class com.google.common.cache.LocalCache$EntryFactory                                 : loaded 2 times (x 79B)
Class kotlin.enums.EnumEntriesKt                                                      : loaded 2 times (x 67B)
Class com.android.prefs.QueryResult                                                   : loaded 2 times (x 80B)
Class kotlin.collections.CollectionsKt__MutableCollectionsJVMKt                       : loaded 2 times (x 67B)
Class kotlin.sequences.SequencesKt__SequenceBuilderKt                                 : loaded 2 times (x 67B)
Class kotlin.collections.CollectionsKt__ReversedViewsKt                               : loaded 2 times (x 67B)
Class kotlin.text.StringsKt___StringsKt                                               : loaded 2 times (x 67B)
Class com.google.common.collect.Iterables$5                                           : loaded 2 times (x 77B)
Class com.google.common.reflect.TypeParameter                                         : loaded 2 times (x 68B)
Class [Lcom.google.common.collect.MapMaker$Dummy;                                     : loaded 2 times (x 65B)
Class com.google.common.cache.LocalCache$AbstractReferenceEntry                       : loaded 2 times (x 103B)
Class org.gradle.internal.IoActions                                                   : loaded 2 times (x 67B)
Class kotlin.sequences.FilteringSequence$iterator$1                                   : loaded 2 times (x 75B)
Class kotlin.jvm.internal.CollectionToArray                                           : loaded 2 times (x 67B)
Class com.google.common.collect.ImmutableMapKeySet                                    : loaded 2 times (x 146B)
Class com.google.common.collect.ImmutableRangeSet$ComplementRanges                    : loaded 2 times (x 203B)
Class org.objectweb.asm.SymbolTable                                                   : loaded 2 times (x 68B)
Class com.google.common.cache.CacheLoader$InvalidCacheLoadException                   : loaded 2 times (x 78B)
Class org.gradle.internal.classloader.SystemClassLoaderSpec                           : loaded 2 times (x 67B)
Class kotlin.ranges.IntRange$Companion                                                : loaded 2 times (x 67B)
Class kotlin.collections.EmptyMap                                                     : loaded 2 times (x 105B)
Class kotlin.text.MatcherMatchResult$groups$1                                         : loaded 2 times (x 147B)
Class kotlin.reflect.KAnnotatedElement                                                : loaded 2 times (x 66B)
Class kotlin.jvm.internal.Intrinsics                                                  : loaded 2 times (x 67B)
Class com.google.common.collect.FluentIterable                                        : loaded 2 times (x 77B)
Class com.google.common.cache.LocalCache$StrongEntry                                  : loaded 2 times (x 104B)
Class com.google.common.util.concurrent.AbstractFuture$TrustedFuture                  : loaded 2 times (x 110B)
Class com.google.common.cache.LoadingCache                                            : loaded 2 times (x 66B)
Class it.unimi.dsi.fastutil.objects.ObjectCollection                                  : loaded 2 times (x 66B)
Class kotlin.collections.MapsKt                                                       : loaded 2 times (x 67B)
Class com.android.sdklib.AndroidVersion$AndroidVersionException                       : loaded 2 times (x 78B)
Class com.android.tools.lint.model.DefaultLintModelModule                             : loaded 2 times (x 92B)
Class kotlin.collections.CollectionsKt__IterablesKt                                   : loaded 2 times (x 67B)
Class com.google.common.io.ByteStreams$LimitedInputStream                             : loaded 2 times (x 88B)
Class com.google.common.base.Suppliers$NonSerializableMemoizingSupplier               : loaded 2 times (x 75B)
Class org.objectweb.asm.MethodWriter                                                  : loaded 2 times (x 102B)
Class [Lcom.google.common.cache.Weigher;                                              : loaded 2 times (x 65B)
Class com.google.common.collect.RegularImmutableMap$BucketOverflowException           : loaded 2 times (x 78B)
Class kotlin.ranges.OpenEndRange                                                      : loaded 2 times (x 66B)
Class org.jetbrains.kotlin.cli.common.CompilerSystemProperties$Companion              : loaded 2 times (x 67B)
Class kotlin.text.Charsets                                                            : loaded 2 times (x 67B)
Class kotlin.KotlinNullPointerException                                               : loaded 2 times (x 79B)
Class com.google.common.collect.ImmutableMultimap$1                                   : loaded 2 times (x 78B)
Class com.google.common.collect.AbstractMapBasedMultimap$RandomAccessWrappedList      : loaded 2 times (x 201B)
Class kotlin.ranges.RangesKt___RangesKt                                               : loaded 2 times (x 67B)
Class com.android.ide.common.repository.AgpVersion$Companion$WhenMappings             : loaded 2 times (x 67B)
Class org.gradle.internal.classloader.FilteringClassLoader                            : loaded 2 times (x 101B)
Class com.google.common.collect.RegularImmutableMap$KeySet                            : loaded 2 times (x 146B)
Class com.google.common.collect.AbstractIterator$State                                : loaded 2 times (x 75B)
Class com.google.common.collect.ImmutableMultimap$2                                   : loaded 2 times (x 77B)
Class com.google.common.collect.RegularImmutableBiMap                                 : loaded 2 times (x 144B)
Class com.google.common.cache.LocalCache$ValueReference                               : loaded 2 times (x 66B)
Class com.google.common.base.Equivalence$Identity                                     : loaded 2 times (x 78B)
Class com.android.tools.lint.model.LintModelAndroidLibrary                            : loaded 2 times (x 66B)
Class kotlin.text.CharsKt__CharKt                                                     : loaded 2 times (x 67B)
Class kotlin.collections.ArraysKt                                                     : loaded 2 times (x 67B)
Class com.google.common.base.PairwiseEquivalence                                      : loaded 2 times (x 79B)
Class com.google.common.hash.PrimitiveSink                                            : loaded 2 times (x 66B)
Class com.google.common.util.concurrent.AbstractFuture$Failure                        : loaded 2 times (x 68B)
Class com.google.common.base.Equivalence$Equals                                       : loaded 2 times (x 78B)
Class com.google.common.base.PatternCompiler                                          : loaded 2 times (x 66B)
Class kotlin.LazyKt                                                                   : loaded 2 times (x 67B)
Class kotlin.collections.SetsKt__SetsKt                                               : loaded 2 times (x 67B)
Class com.google.common.io.LineReader                                                 : loaded 2 times (x 68B)
Class com.google.common.io.CharSink                                                   : loaded 2 times (x 75B)
Class com.google.common.base.Joiner$1                                                 : loaded 2 times (x 76B)
Class org.objectweb.asm.Label                                                         : loaded 2 times (x 69B)
Class org.objectweb.asm.CurrentFrame                                                  : loaded 2 times (x 69B)
Class org.objectweb.asm.ClassTooLargeException                                        : loaded 2 times (x 79B)
Class com.google.common.collect.PeekingIterator                                       : loaded 2 times (x 66B)
Class com.android.ide.common.repository.AgpVersion$PreviewKind                        : loaded 2 times (x 75B)
Class [Lcom.android.tools.lint.model.LintModelModuleType;                             : loaded 2 times (x 65B)
Class com.android.tools.lint.model.LintModelSerialization$LintModelSerializationFileAdapter$WhenMappings: loaded 2 times (x 67B)
Class kotlin.collections.ArraysKt__ArraysJVMKt                                        : loaded 2 times (x 67B)
Class kotlin.text.StringsKt__StringsKt                                                : loaded 2 times (x 67B)
Class kotlin.NotImplementedError                                                      : loaded 2 times (x 78B)
Class com.google.common.io.ByteSource$AsCharSource                                    : loaded 2 times (x 82B)
Class com.google.common.collect.RangeGwtSerializationDependencies                     : loaded 2 times (x 67B)
Class com.google.common.collect.MapMakerInternalMap$InternalEntryHelper               : loaded 2 times (x 66B)
Class com.google.common.collect.Maps$IteratorBasedAbstractMap                         : loaded 2 times (x 121B)
Class com.google.common.base.Joiner$2                                                 : loaded 2 times (x 75B)
Class org.objectweb.asm.Frame                                                         : loaded 2 times (x 69B)
Class org.objectweb.asm.MethodVisitor                                                 : loaded 2 times (x 101B)
Class com.google.common.cache.LocalCache$EntryFactory$1                               : loaded 2 times (x 79B)
Class [Lcom.google.common.cache.RemovalListener;                                      : loaded 2 times (x 65B)
Class kotlin.jvm.internal.CallableReference$NoReceiver                                : loaded 2 times (x 67B)
Class kotlin.text.StringsKt__StringBuilderKt                                          : loaded 2 times (x 67B)
Class com.google.common.collect.RangeSet                                              : loaded 2 times (x 66B)
Class com.google.common.cache.LocalCache$EntryFactory$2                               : loaded 2 times (x 79B)
Class kotlin.Lazy                                                                     : loaded 2 times (x 66B)
Class com.android.prefs.Global                                                        : loaded 2 times (x 76B)
Class kotlin.NoWhenBranchMatchedException                                             : loaded 2 times (x 78B)
Class com.android.prefs.AndroidPathLocator                                            : loaded 2 times (x 69B)
Class com.google.common.collect.CollectCollectors                                     : loaded 2 times (x 67B)
Class org.objectweb.asm.ModuleWriter                                                  : loaded 2 times (x 78B)
Class com.google.common.cache.LocalCache$EntryFactory$3                               : loaded 2 times (x 79B)
Class com.google.common.base.Ticker$1                                                 : loaded 2 times (x 68B)
Class com.google.common.collect.ImmutableMapEntrySet$RegularEntrySet                  : loaded 2 times (x 147B)
Class [Lkotlin.jvm.functions.Function1;                                               : loaded 2 times (x 65B)
Class kotlin.sequences.FlatteningSequence                                             : loaded 2 times (x 71B)
Class com.google.common.collect.SetMultimap                                           : loaded 2 times (x 66B)
Class com.google.common.collect.CollectSpliterators$1                                 : loaded 2 times (x 86B)
Class com.google.common.cache.LocalCache$EntryFactory$4                               : loaded 2 times (x 79B)
Class com.google.common.collect.ImmutableSet$Builder                                  : loaded 2 times (x 81B)
Class com.google.common.io.ByteStreams$1                                              : loaded 2 times (x 81B)
Class com.google.common.cache.LocalCache$EntryFactory$5                               : loaded 2 times (x 79B)
Class kotlin.jvm.internal.markers.KMappedMarker                                       : loaded 2 times (x 66B)
Class com.google.common.cache.LocalCache$EntryFactory$6                               : loaded 2 times (x 79B)
Class org.gradle.internal.installation.CurrentGradleInstallationLocator               : loaded 2 times (x 67B)
Class com.android.tools.lint.model.DefaultLintModelDependencyGraph                    : loaded 2 times (x 74B)
Class com.android.tools.lint.model.DefaultLintModelLintOptions                        : loaded 2 times (x 99B)
Class kotlin.text.MatcherMatchResult                                                  : loaded 2 times (x 76B)
Class com.google.common.io.ByteSource$SlicedByteSource                                : loaded 2 times (x 81B)
Class com.google.common.collect.ImmutableMultimap$Builder                             : loaded 2 times (x 79B)
Class com.google.common.collect.Maps$KeySet                                           : loaded 2 times (x 133B)
Class com.google.common.cache.LocalCache$EntryFactory$7                               : loaded 2 times (x 79B)
Class com.google.common.collect.ImmutableSet$EmptySetBuilderImpl                      : loaded 2 times (x 72B)
Class org.gradle.internal.service.DefaultServiceLocator                               : loaded 2 times (x 79B)
Class kotlin.text.MatchGroupCollection                                                : loaded 2 times (x 66B)
Class com.google.common.cache.LocalCache$SoftValueReference                           : loaded 2 times (x 93B)
Class com.google.common.collect.ImmutableMultimap$EntryCollection                     : loaded 2 times (x 123B)
Class com.google.common.collect.Maps$EntrySet                                         : loaded 2 times (x 132B)
Class com.google.common.cache.LocalCache$EntryFactory$8                               : loaded 2 times (x 79B)
Class org.gradle.internal.installation.CurrentGradleInstallation                      : loaded 2 times (x 69B)
Class com.android.tools.lint.model.DefaultLintModelVariant                            : loaded 2 times (x 97B)
Class com.android.tools.lint.model.LintModelArtifact                                  : loaded 2 times (x 66B)
Class com.google.common.cache.CacheLoader$1                                           : loaded 2 times (x 71B)
Class com.google.common.collect.ForwardingObject                                      : loaded 2 times (x 68B)
Class com.google.common.collect.ImmutableList$SubList                                 : loaded 2 times (x 204B)
Class org.gradle.util.internal.GUtil                                                  : loaded 2 times (x 67B)
Class kotlin.collections.CollectionsKt                                                : loaded 2 times (x 67B)
Class com.android.prefs.PathLocator$WhenMappings                                      : loaded 2 times (x 67B)
Class com.google.common.io.ByteSource                                                 : loaded 2 times (x 80B)
Class com.google.common.util.concurrent.AbstractFuture$SetFuture                      : loaded 2 times (x 71B)
Class com.google.common.cache.AbstractCache$StatsCounter                              : loaded 2 times (x 66B)
Class com.google.common.collect.AbstractMapBasedMultimap                              : loaded 2 times (x 135B)
Class com.android.tools.lint.model.DefaultLintModelDependency                         : loaded 2 times (x 82B)
Class com.android.tools.lint.model.DefaultLintModelLibrary                            : loaded 2 times (x 82B)
Class com.android.tools.lint.model.DefaultLintModelBuildFeatures                      : loaded 2 times (x 73B)
Class com.google.common.collect.MapMakerInternalMap$1                                 : loaded 2 times (x 79B)
Class com.google.common.io.LineBuffer                                                 : loaded 2 times (x 71B)
Class com.google.common.collect.Iterators$MergingIterator                             : loaded 2 times (x 77B)
Class org.gradle.internal.installation.GradleInstallation                             : loaded 2 times (x 71B)
Class [Lcom.android.utils.StdLogger$Level;                                            : loaded 2 times (x 65B)
Class com.android.prefs.AndroidLocationsException                                     : loaded 2 times (x 78B)
Class com.android.tools.lint.model.LintModelJavaLibrary                               : loaded 2 times (x 66B)
Class com.google.common.collect.Iterables                                             : loaded 2 times (x 67B)
Class kotlin.ranges.IntProgression                                                    : loaded 2 times (x 77B)
Class kotlin.jvm.KotlinReflectionNotSupportedError                                    : loaded 2 times (x 78B)

---------------  S Y S T E M  ---------------

OS:
 Windows 10 , 64 bit Build 19041 (10.0.19041.5915)
OS uptime: 4 days 2:15 hours
Hyper-V role detected

CPU: total 8 (initial active 8) (4 cores per cpu, 2 threads per core) family 6 model 158 stepping 9 microcode 0xf4, cx8, cmov, fxsr, ht, mmx, 3dnowpref, sse, sse2, sse3, ssse3, sse4.1, sse4.2, popcnt, lzcnt, tsc, tscinvbit, avx, avx2, aes, erms, clmul, bmi1, bmi2, rtm, adx, fma, vzeroupper, clflush, clflushopt, hv, rdtscp, f16c
Processor Information for the first 8 processors :
  Max Mhz: 3600, Current Mhz: 3600, Mhz Limit: 3600

Memory: 4k page, system-wide physical 16247M (1833M free)
TotalPageFile size 30753M (AvailPageFile size 178M)
current process WorkingSet (physical memory assigned to process): 718M, peak: 718M
current process commit charge ("private bytes"): 756M, peak: 932M

vm_info: OpenJDK 64-Bit Server VM (21.0.6+-13368085-b895.109) for windows-amd64 JRE (21.0.6+-13368085-b895.109), built on 2025-04-16T17:01:31Z by "builder" with MS VC++ 16.10 / 16.11 (VS2019)

END.
